Country Name,Country Code,Series Name,Series Code,1960 [YR1960],1961 [YR1961],1962 [YR1962],1963 [YR1963],1964 [YR1964],1965 [YR1965],1966 [YR1966],1967 [YR1967],1968 [YR1968],1969 [YR1969],1970 [YR1970],1971 [YR1971],1972 [YR1972],1973 [YR1973],1974 [YR1974],1975 [YR1975],1976 [YR1976],1977 [YR1977],1978 [YR1978],1979 [YR1979],1980 [YR1980],1981 [YR1981],1982 [YR1982],1983 [YR1983],1984 [YR1984],1985 [YR1985],1986 [YR1986],1987 [YR1987],1988 [YR1988],1989 [YR1989],1990 [YR1990],1991 [YR1991],1992 [YR1992],1993 [YR1993],1994 [YR1994],1995 [YR1995],1996 [YR1996],1997 [YR1997],1998 [YR1998],1999 [YR1999],2000 [YR2000],2001 [YR2001],2002 [YR2002],2003 [YR2003],2004 [YR2004],2005 [YR2005],2006 [YR2006],2007 [YR2007],2008 [YR2008],2009 [YR2009],2010 [YR2010],2011 [YR2011],2012 [YR2012],2013 [YR2013],2014 [YR2014],2015 [YR2015],2016 [YR2016],2017 [YR2017],2018 [YR2018],2019 [YR2019],2020 [YR2020],2021 [YR2021]
Afghanistan,AFG,"Educational attainment, at least completed lower secondary, population 25+, total (%) (cumulative)",SE.SEC.CUAT.LO.ZS,..,..,..,..,..,..,..,..,..,..,..,..,..,..,..,4.09999990463257,..,..,..,4.14945983886719,..,..,..,..,..,..,..,..,..,..,..,..,..,..,..,..,..,..,..,..,..,..,..,..,..,..,..,..,..,..,..,..,..,..,..,..,..,..,..,..,..,11.6319198608398
Albania,ALB,"Educational attainment, at least completed lower secondary, population 25+, total (%) (cumulative)",SE.SEC.CUAT.LO.ZS,..,..,..,..,..,..,..,..,..,..,..,..,..,..,..,..,..,..,..,..,..,..,..,..,..,..,..,..,..,..,..,..,..,..,..,..,..,..,..,..,..,75.7340469360352,..,..,..,..,..,..,81.7339477539063,..,..,85.2262191772461,87.2148971557617,..,..,..,..,..,..,..,..,..
Algeria,DZA,"Educational attainment, at least completed lower secondary, population 25+, total (%) (cumulative)",SE.SEC.CUAT.LO.ZS,..,..,..,..,..,..,..,..,..,..,..,2.52578997612,..,..,..,..,..,..,..,..,..,..,..,..,..,..,..,..,..,..,..,..,..,..,..,..,..,..,..,..,..,..,..,..,..,..,46.5909004211426,..,47.304988861084,..,..,..,..,..,..,..,..,..,..,..,..,..
American Samoa,ASM,"Educational attainment, at least completed lower secondary, population 25+, total (%) (cumulative)",SE.SEC.CUAT.LO.ZS,..,..,..,..,..,..,..,..,..,..,..,..,..,..,68.3404312133789,..,..,..,..,..,64.1999969482422,..,..,..,..,..,..,..,..,..,81.3000030517578,..,..,..,..,..,..,..,..,..,..,..,..,..,..,..,..,..,..,..,..,..,..,..,..,..,..,..,..,..,..,..
Andorra,AND,"Educational attainment, at least completed lower secondary, population 25+, total (%) (cumulative)",SE.SEC.CUAT.LO.ZS,..,..,..,..,..,..,..,..,..,..,..,..,..,..,..,..,..,..,..,..,..,..,..,..,..,..,..,..,..,..,..,..,..,..,..,..,..,..,..,..,..,..,..,..,..,..,..,..,..,..,..,..,..,..,72.8445892333984,72.5006103515625,72.3267669677734,..,..,..,..,..
Angola,AGO,"Educational attainment, at least completed lower secondary, population 25+, total (%) (cumulative)",SE.SEC.CUAT.LO.ZS,..,..,..,..,..,..,..,..,..,..,..,..,..,..,..,..,..,..,..,..,..,..,..,..,..,..,..,..,..,..,..,..,..,..,..,..,..,..,..,..,..,..,..,..,..,..,..,..,..,..,..,..,..,..,28.923469543457,..,..,..,..,..,..,..
Antigua and Barbuda,ATG,"Educational attainment, at least completed lower secondary, population 25+, total (%) (cumulative)",SE.SEC.CUAT.LO.ZS,..,..,..,..,..,..,..,..,..,..,..,..,..,..,..,..,..,..,..,..,..,..,..,..,..,..,..,..,..,..,..,..,..,..,..,..,..,..,..,..,..,..,..,..,..,..,..,..,..,..,..,..,..,..,..,..,..,..,..,..,..,..
Argentina,ARG,"Educational attainment, at least completed lower secondary, population 25+, total (%) (cumulative)",SE.SEC.CUAT.LO.ZS,..,..,..,..,..,..,..,..,..,..,19.2999992370605,..,..,..,..,..,..,..,..,..,26.5,..,..,..,..,..,..,..,..,..,..,37.3563194274902,..,..,..,..,..,..,..,..,..,45.8916893005371,..,56.3756790161133,..,..,..,..,..,..,..,..,..,..,..,..,..,..,..,..,..,..
Armenia,ARM,"Educational attainment, at least completed lower secondary, population 25+, total (%) (cumulative)",SE.SEC.CUAT.LO.ZS,..,..,..,..,..,..,..,..,..,..,..,..,..,..,..,..,..,..,..,..,..,..,..,..,..,..,..,..,..,..,..,..,..,..,..,..,..,..,..,..,..,91.0791931152344,..,..,..,..,..,..,..,..,..,96.5997772216797,..,..,..,97.2224578857422,..,96.5927734375,..,..,96.4698181152344,..
Aruba,ABW,"Educational attainment, at least completed lower secondary, population 25+, total (%) (cumulative)",SE.SEC.CUAT.LO.ZS,..,..,..,..,..,..,..,..,..,..,..,..,..,..,..,..,..,..,..,..,..,..,..,..,..,..,..,..,..,..,..,46.0923805236816,..,..,..,..,..,..,..,..,55.992431640625,..,..,..,..,..,..,..,..,..,60.7653388977051,..,..,..,..,..,..,..,..,..,..,..
Australia,AUS,"Educational attainment, at least completed lower secondary, population 25+, total (%) (cumulative)",SE.SEC.CUAT.LO.ZS,..,..,..,..,..,..,..,..,..,..,..,69.8000030517578,..,..,..,..,..,..,..,..,..,..,..,..,..,..,..,..,..,..,..,..,..,..,..,..,..,..,..,..,..,..,..,..,89.7376022338867,90.8543014526367,91.1406707763672,91.7246398925781,92.3343505859375,92.2386703491211,93.1995315551758,93.6081008911133,94.4489364624023,91.081413269043,91.8276672363281,92.6488571166992,92.7639923095703,93.0057067871094,93.4390716552734,93.9455032348633,94.5065307617188,..
Austria,AUT,"Educational attainment, at least completed lower secondary, population 25+, total (%) (cumulative)",SE.SEC.CUAT.LO.ZS,..,..,..,..,..,..,..,..,..,..,..,..,..,..,..,..,..,..,..,..,..,..,..,..,..,..,..,..,..,..,..,..,..,..,..,..,..,..,..,..,..,..,..,..,..,..,..,..,..,..,..,..,..,..,99.5548477172852,..,..,..,..,..,..,..
Azerbaijan,AZE,"Educational attainment, at least completed lower secondary, population 25+, total (%) (cumulative)",SE.SEC.CUAT.LO.ZS,..,..,..,..,..,..,..,..,..,..,..,..,..,..,..,..,..,..,..,..,..,..,..,..,..,..,..,..,..,..,..,..,..,..,..,..,..,..,..,92.8378829956055,..,..,..,..,..,..,..,95.3301162719727,95.4080505371094,95.466682434082,95.5677337646484,95.5558395385742,95.5698623657227,95.5950164794922,95.6078186035156,95.6084899902344,95.6413116455078,95.5160903930664,95.4853973388672,95.5190582275391,..,..
"Bahamas, The",BHS,"Educational attainment, at least completed lower secondary, population 25+, total (%) (cumulative)",SE.SEC.CUAT.LO.ZS,..,..,..,..,..,..,..,..,..,..,..,..,..,..,..,..,..,..,..,..,..,..,..,..,..,..,..,..,..,..,71.1999969482422,..,..,..,..,..,..,..,..,..,90.1050186157227,..,..,..,..,..,..,..,..,..,89.1371307373047,..,..,..,..,..,..,..,..,..,..,..
Bahrain,BHR,"Educational attainment, at least completed lower secondary, population 25+, total (%) (cumulative)",SE.SEC.CUAT.LO.ZS,..,..,..,..,..,..,..,..,..,..,..,12.9807500839233,..,..,..,..,..,..,..,..,..,..,..,..,..,..,..,..,..,..,..,35.4000015258789,..,..,..,..,..,..,..,..,..,68.3372268676758,..,..,..,..,..,..,..,..,54.8962707519531,..,..,..,..,..,69.2239532470703,72.3471069335938,79.9361190795898,..,82.0465087890625,..
Bangladesh,BGD,"Educational attainment, at least completed lower secondary, population 25+, total (%) (cumulative)",SE.SEC.CUAT.LO.ZS,..,..,..,..,..,..,..,..,..,..,..,..,..,..,7.6950798034668,..,..,..,..,..,..,12.86266040802,..,..,..,..,..,..,..,..,..,..,..,..,..,..,..,..,..,..,..,26.714729309082,..,..,..,..,..,..,..,..,..,35.2979698181152,36.0457382202148,33.7053489685059,34.9157295227051,40.8408012390137,41.5008010864258,42.6180801391602,43.6428413391113,44.6835517883301,54.5232086181641,..
Barbados,BRB,"Educational attainment, at least completed lower secondary, population 25+, total (%) (cumulative)",SE.SEC.CUAT.LO.ZS,..,..,..,..,..,..,..,..,..,..,65.3000030517578,..,..,..,..,..,..,..,..,..,66.8032379150391,..,..,..,..,..,..,..,..,..,..,..,..,..,..,..,..,..,..,..,78.1039276123047,..,..,..,..,..,..,..,..,..,..,..,..,..,..,..,..,..,..,..,..,..
Belarus,BLR,"Educational attainment, at least completed lower secondary, population 25+, total (%) (cumulative)",SE.SEC.CUAT.LO.ZS,..,..,..,..,..,..,..,..,..,..,..,..,..,..,..,..,..,..,..,..,..,..,..,..,..,..,..,..,..,58.2130393981934,..,..,..,..,..,..,..,..,..,..,..,..,..,..,..,..,..,..,..,91.4103012084961,..,..,..,..,..,..,..,..,..,98.1666870117188,..,..
Belgium,BEL,"Educational attainment, at least completed lower secondary, population 25+, total (%) (cumulative)",SE.SEC.CUAT.LO.ZS,..,..,..,..,..,..,..,..,..,..,33.8746490478516,..,..,..,..,..,..,..,..,..,..,..,..,..,..,..,..,..,..,..,..,..,..,..,..,..,..,..,..,..,..,..,..,..,..,..,76.7874526977539,..,78.3239135742188,79.4299163818359,79.641487121582,80.1013717651367,80.2901916503906,81.5879364013672,82.3405303955078,84.3579177856445,84.7895202636719,86.5041732788086,..,88.4269638061523,..,..
Belize,BLZ,"Educational attainment, at least completed lower secondary, population 25+, total (%) (cumulative)",SE.SEC.CUAT.LO.ZS,..,..,..,..,..,..,..,..,..,..,9.26307964324951,..,..,..,..,..,..,..,..,..,14,..,..,..,..,..,..,..,..,..,..,21.7915992736816,..,..,..,..,..,..,..,..,..,..,..,..,..,..,..,..,..,..,83.9347686767578,..,..,..,..,..,..,..,..,..,52.1646385192871,..
Benin,BEN,"Educational attainment, at least completed lower secondary, population 25+, total (%) (cumulative)",SE.SEC.CUAT.LO.ZS,..,..,..,..,..,..,..,..,..,..,..,..,..,..,..,..,..,..,..,2.50004005432129,..,..,..,..,..,..,..,..,..,..,..,..,9.56083965301514,..,..,..,..,..,..,..,..,..,14.3174495697021,..,..,..,..,..,..,..,..,..,..,..,..,..,..,..,..,..,..,..
Bermuda,BMU,"Educational attainment, at least completed lower secondary, population 25+, total (%) (cumulative)",SE.SEC.CUAT.LO.ZS,..,..,..,..,..,..,..,..,..,..,54.2000007629395,..,..,..,..,..,..,..,..,..,..,..,..,..,..,..,..,..,..,..,..,81.3138198852539,..,..,..,..,..,..,..,..,91.5443572998047,..,..,..,..,..,..,..,..,..,..,..,..,..,..,..,..,..,..,..,..,..
Bhutan,BTN,"Educational attainment, at least completed lower secondary, population 25+, total (%) (cumulative)",SE.SEC.CUAT.LO.ZS,..,..,..,..,..,..,..,..,..,..,..,..,..,..,..,..,..,..,..,..,..,..,..,..,..,..,..,..,..,..,..,..,..,..,..,..,..,..,..,..,..,..,..,..,..,..,..,..,..,..,..,..,9.59809970855713,..,..,..,..,28.2215900421143,..,..,..,..
Bolivia,BOL,"Educational attainment, at least completed lower secondary, population 25+, total (%) (cumulative)",SE.SEC.CUAT.LO.ZS,..,..,..,..,..,..,..,..,..,..,..,..,..,..,..,..,22.8796997070313,..,..,..,..,..,..,..,..,..,..,..,..,..,..,..,44.6826210021973,..,..,..,..,..,..,..,..,45.1449317932129,..,..,..,..,42.1338195800781,..,44.6203689575195,46.9324188232422,..,..,51.923828125,..,..,..,..,..,..,..,64.6958389282227,..
Bosnia and Herzegovina,BIH,"Educational attainment, at least completed lower secondary, population 25+, total (%) (cumulative)",SE.SEC.CUAT.LO.ZS,..,..,..,..,..,..,..,..,..,..,..,..,..,..,..,..,..,..,..,..,..,..,..,..,..,..,..,..,..,..,..,..,..,..,..,..,..,..,..,..,..,..,..,..,..,..,..,..,..,..,56.9195289611816,56.832649230957,..,..,..,..,81.1655578613281,..,81.3628921508789,..,88.1731185913086,..
Botswana,BWA,"Educational attainment, at least completed lower secondary, population 25+, total (%) (cumulative)",SE.SEC.CUAT.LO.ZS,..,..,..,..,..,..,..,..,..,..,..,3.09264993667603,..,..,..,..,..,..,..,..,..,..,..,..,..,..,..,..,..,..,..,..,..,..,..,..,..,..,..,..,..,..,..,..,..,..,..,..,..,..,..,..,..,..,..,..,..,..,..,..,..,..
Brazil,BRA,"Educational attainment, at least completed lower secondary, population 25+, total (%) (cumulative)",SE.SEC.CUAT.LO.ZS,..,..,..,..,..,..,..,..,..,..,11.5215101242065,..,..,..,..,..,10,..,..,..,11.8273296356201,..,..,..,..,..,..,..,..,..,..,..,..,..,..,..,..,..,..,..,..,..,..,..,42.4081993103027,..,45.4563293457031,47.6079216003418,49.5485992431641,50.0992317199707,50.6151885986328,53.5981712341309,54.6340217590332,55.8442993164063,56.3307189941406,57.5709915161133,58.2031097412109,59.1219291687012,60.0145111083984,..,..,..
British Virgin Islands,VGB,"Educational attainment, at least completed lower secondary, population 25+, total (%) (cumulative)",SE.SEC.CUAT.LO.ZS,..,..,..,..,..,..,..,..,..,..,..,..,..,..,..,..,..,..,..,..,31.7880802154541,..,..,..,..,..,..,..,..,..,..,55.5467796325684,..,..,..,..,..,..,..,..,..,..,..,..,..,..,..,..,..,..,..,..,..,..,..,..,..,..,..,..,..,..
Brunei Darussalam,BRN,"Educational attainment, at least completed lower secondary, population 25+, total (%) (cumulative)",SE.SEC.CUAT.LO.ZS,..,..,..,..,..,..,..,..,..,..,..,19.4962100982666,..,..,..,..,..,..,..,..,..,39.5932388305664,..,..,..,..,..,..,..,..,..,..,..,..,..,..,..,..,..,..,..,..,..,..,..,..,..,..,..,..,..,78.7954025268555,..,..,..,..,..,..,..,..,..,..
Bulgaria,BGR,"Educational attainment, at least completed lower secondary, population 25+, total (%) (cumulative)",SE.SEC.CUAT.LO.ZS,..,..,..,..,..,..,..,..,..,..,..,..,..,..,..,..,..,..,..,..,..,..,..,..,..,..,..,..,..,..,..,..,50.7585601806641,..,..,..,..,..,..,..,..,87.8617935180664,..,..,..,..,91.254020690918,91.9721832275391,92.1616134643555,92.5782165527344,93.219612121582,93.7353286743164,94.3036804199219,94.3266372680664,94.2451629638672,94.8150024414063,95.1430511474609,95.3857192993164,..,..,95.6712493896484,..
Burkina Faso,BFA,"Educational attainment, at least completed lower secondary, population 25+, total (%) (cumulative)",SE.SEC.CUAT.LO.ZS,..,..,..,..,..,..,..,..,..,..,..,..,..,..,..,..,..,..,..,..,..,..,..,..,..,..,..,..,..,..,..,..,..,..,..,..,..,..,..,..,..,..,..,..,..,..,7.93815994262695,2.03617000579834,..,..,..,..,..,..,8.48834991455078,..,..,..,12.6708002090454,..,..,..
Burundi,BDI,"Educational attainment, at least completed lower secondary, population 25+, total (%) (cumulative)",SE.SEC.CUAT.LO.ZS,..,..,..,..,..,..,..,..,..,..,..,..,..,..,..,..,..,..,..,..,..,..,..,..,..,..,..,..,..,..,3.12327003479004,..,..,..,..,..,..,..,..,..,..,..,..,..,..,..,..,..,10.7312498092651,..,..,..,..,..,5.92902994155884,..,..,9.27593994140625,..,..,..,..
Cabo Verde,CPV,"Educational attainment, at least completed lower secondary, population 25+, total (%) (cumulative)",SE.SEC.CUAT.LO.ZS,..,..,..,..,..,..,..,..,..,..,..,..,..,..,..,..,..,..,..,..,..,..,..,..,..,..,..,..,..,..,..,..,..,..,..,..,..,..,..,..,..,..,..,..,..,..,..,..,..,..,..,..,..,..,..,29.3516597747803,..,..,..,..,..,..
Cambodia,KHM,"Educational attainment, at least completed lower secondary, population 25+, total (%) (cumulative)",SE.SEC.CUAT.LO.ZS,..,..,..,..,..,..,..,..,..,..,..,..,..,..,..,..,..,..,..,..,..,..,..,..,..,..,..,..,..,..,..,..,..,..,..,..,..,..,..,..,..,..,..,..,..,..,..,15.2122201919556,16.952880859375,15.5047702789307,..,..,..,..,12.1802396774292,12.3361101150513,..,..,..,..,..,..
Cameroon,CMR,"Educational attainment, at least completed lower secondary, population 25+, total (%) (cumulative)",SE.SEC.CUAT.LO.ZS,..,..,..,..,..,..,..,..,..,..,..,..,..,..,..,..,4.72077989578247,..,..,..,..,..,..,..,..,..,..,..,..,..,..,..,..,..,..,..,..,..,..,..,..,..,..,..,..,..,..,..,..,..,36.228099822998,..,..,..,..,..,..,..,..,..,..,..
Canada,CAN,"Educational attainment, at least completed lower secondary, population 25+, total (%) (cumulative)",SE.SEC.CUAT.LO.ZS,..,..,..,..,..,..,..,..,..,..,60.2000007629395,..,63.4605102539063,..,..,..,67.5,..,..,..,..,74.2655181884766,..,..,..,..,78.8717269897461,..,..,..,..,83.6178283691406,..,..,..,..,..,..,..,..,..,98.8881912231445,..,..,..,..,..,..,..,..,..,..,..,..,..,..,..,..,..,..,..,..
Cayman Islands,CYM,"Educational attainment, at least completed lower secondary, population 25+, total (%) (cumulative)",SE.SEC.CUAT.LO.ZS,..,..,..,..,..,..,..,..,..,..,18.1000003814697,..,..,..,..,..,..,..,..,..,..,..,..,..,..,..,..,..,..,54.6899490356445,..,..,..,..,..,..,..,..,..,..,..,..,..,..,78.6636276245117,83.9359817504883,81.1054534912109,91.9989166259766,91.408088684082,..,..,..,..,..,94.7930297851563,95.2514572143555,..,..,..,..,..,..
Central African Republic,CAF,"Educational attainment, at least completed lower secondary, population 25+, total (%) (cumulative)",SE.SEC.CUAT.LO.ZS,..,..,..,..,..,..,..,..,..,..,..,..,..,..,..,..,..,..,..,..,..,..,..,..,..,..,..,..,9.44592952728271,..,..,..,..,..,..,..,..,..,..,..,..,..,..,..,..,..,..,..,..,..,..,..,..,..,..,..,..,..,..,..,..,..
Chad,TCD,"Educational attainment, at least completed lower secondary, population 25+, total (%) (cumulative)",SE.SEC.CUAT.LO.ZS,..,..,..,..,..,..,..,..,..,..,..,..,..,..,..,..,..,..,..,..,..,..,..,..,..,..,..,..,..,..,..,..,..,..,..,..,..,..,..,..,..,..,..,..,..,..,..,..,..,10.0443897247314,..,..,..,..,..,..,..,..,..,..,..,..
Channel Islands,CHI,"Educational attainment, at least completed lower secondary, population 25+, total (%) (cumulative)",SE.SEC.CUAT.LO.ZS,..,..,..,..,..,..,..,..,..,..,..,..,..,..,..,..,..,..,..,..,..,..,..,..,..,..,..,..,..,..,..,..,..,..,..,..,..,..,..,..,..,..,..,..,..,..,..,..,..,..,..,..,..,..,..,..,..,..,..,..,..,..
Chile,CHL,"Educational attainment, at least completed lower secondary, population 25+, total (%) (cumulative)",SE.SEC.CUAT.LO.ZS,..,..,..,..,..,..,..,..,..,..,30.3999996185303,..,..,..,..,..,..,..,..,..,..,..,34.0444183349609,..,..,..,..,..,..,..,..,..,..,..,..,..,..,..,..,..,..,..,..,..,76.0035018920898,..,..,75.8403015136719,74.4059677124023,..,75.0458374023438,72.8394622802734,..,76.1742324829102,..,78.5309906005859,..,79.604850769043,..,..,..,..
China,CHN,"Educational attainment, at least completed lower secondary, population 25+, total (%) (cumulative)",SE.SEC.CUAT.LO.ZS,..,..,..,..,..,..,..,..,..,..,..,..,..,..,..,..,..,..,..,..,..,..,22.799280166626,..,..,..,..,..,..,..,36.4000015258789,..,..,..,..,..,..,..,..,..,52.2603607177734,..,..,..,..,..,..,..,..,..,65.3229217529297,..,..,..,..,..,..,..,..,..,..,..
Colombia,COL,"Educational attainment, at least completed lower secondary, population 25+, total (%) (cumulative)",SE.SEC.CUAT.LO.ZS,..,..,..,..,..,..,..,..,..,..,..,..,..,..,..,..,..,..,..,..,..,..,..,..,..,..,..,..,..,..,..,..,..,41.2711715698242,..,..,..,..,..,..,..,..,..,..,36.3357810974121,40.987419128418,37.8822288513184,41.9316482543945,43.2088317871094,42.7785987854004,44.1553382873535,45.3533592224121,46.4117393493652,48.1389389038086,49.4626617431641,50.3342514038086,52.0793495178223,..,54.4446983337402,55.8196296691895,57.7458305358887,..
Comoros,COM,"Educational attainment, at least completed lower secondary, population 25+, total (%) (cumulative)",SE.SEC.CUAT.LO.ZS,..,..,..,..,..,..,..,..,..,..,..,..,..,..,..,..,..,..,..,..,..,..,..,..,..,..,..,..,..,..,..,..,..,..,..,..,..,..,..,..,..,..,..,..,..,..,..,..,..,..,..,..,..,..,..,..,..,..,..,..,..,..
"Congo, Dem. Rep.",COD,"Educational attainment, at least completed lower secondary, population 25+, total (%) (cumulative)",SE.SEC.CUAT.LO.ZS,..,..,..,..,..,..,..,..,..,..,..,..,..,..,..,..,..,..,..,..,..,..,..,..,16.1031894683838,..,..,..,..,..,..,..,..,..,..,..,..,..,..,..,..,..,..,..,..,..,..,..,..,..,..,..,..,42.4535713195801,..,..,50.6642990112305,..,..,..,..,..
"Congo, Rep.",COG,"Educational attainment, at least completed lower secondary, population 25+, total (%) (cumulative)",SE.SEC.CUAT.LO.ZS,..,..,..,..,..,..,..,..,..,..,..,..,..,..,..,..,..,..,..,..,..,..,..,..,19.7202091217041,..,..,..,..,..,..,..,..,..,..,..,..,..,..,..,..,..,..,..,..,..,..,..,..,..,..,..,..,..,..,..,..,..,..,..,..,..
Costa Rica,CRI,"Educational attainment, at least completed lower secondary, population 25+, total (%) (cumulative)",SE.SEC.CUAT.LO.ZS,..,..,..,..,..,..,..,..,..,..,..,..,..,16.9106006622314,..,..,..,..,..,..,..,..,..,..,..,..,..,..,..,..,..,..,..,..,..,..,..,..,..,..,..,..,..,..,..,..,..,47.6769599914551,49.773120880127,50.111499786377,48.9891815185547,50.1252593994141,50.8156814575195,..,54.6673202514648,53.0643005371094,53.1069602966309,..,54.5584602355957,..,55.4441909790039,..
Cote d'Ivoire,CIV,"Educational attainment, at least completed lower secondary, population 25+, total (%) (cumulative)",SE.SEC.CUAT.LO.ZS,..,..,..,..,..,..,..,..,..,..,..,..,..,..,..,..,..,..,..,..,..,..,..,..,..,..,..,..,..,..,..,..,..,..,..,..,..,..,41.758731842041,..,..,..,..,..,..,..,..,..,..,..,..,..,..,..,24.7395801544189,..,..,..,..,..,..,..
Croatia,HRV,"Educational attainment, at least completed lower secondary, population 25+, total (%) (cumulative)",SE.SEC.CUAT.LO.ZS,..,..,..,..,..,..,..,..,..,..,..,..,..,..,..,..,..,..,..,..,..,..,..,..,..,..,..,..,..,..,..,46.0381088256836,..,..,..,..,..,..,..,..,..,78.3491134643555,..,..,..,..,..,..,..,..,..,89.2185592651367,..,..,..,..,..,..,..,..,..,..
Cuba,CUB,"Educational attainment, at least completed lower secondary, population 25+, total (%) (cumulative)",SE.SEC.CUAT.LO.ZS,..,..,..,..,..,..,..,..,..,..,..,..,..,..,..,..,..,..,..,..,..,..,..,..,..,..,..,..,..,..,..,..,..,..,..,..,..,..,..,..,..,..,68.7751007080078,..,..,..,..,..,..,..,..,..,81.1480712890625,..,..,..,..,..,..,..,..,..
Curacao,CUW,"Educational attainment, at least completed lower secondary, population 25+, total (%) (cumulative)",SE.SEC.CUAT.LO.ZS,..,..,..,..,..,..,..,..,..,..,..,..,..,..,..,..,..,..,..,..,..,..,..,..,..,..,..,..,..,..,..,..,..,..,..,..,..,..,..,..,..,..,..,..,..,..,..,..,..,..,..,..,..,..,..,..,..,..,..,..,90.3818206787109,..
Cyprus,CYP,"Educational attainment, at least completed lower secondary, population 25+, total (%) (cumulative)",SE.SEC.CUAT.LO.ZS,..,..,..,..,..,..,..,..,..,..,..,..,..,..,..,..,..,..,..,..,..,..,..,..,..,..,..,..,..,..,..,..,51.2512512207031,..,..,..,..,..,..,..,..,..,..,..,67.380126953125,69.1882400512695,71.6848983764648,73.366943359375,73.9915008544922,74.5087203979492,75.841667175293,77.2228317260742,78.7048034667969,79.6970520019531,78.9592819213867,78.6391830444336,80.3129577636719,..,81.7732315063477,..,82.9165267944336,..
Czechia,CZE,"Educational attainment, at least completed lower secondary, population 25+, total (%) (cumulative)",SE.SEC.CUAT.LO.ZS,..,..,..,..,..,..,..,..,..,..,..,..,..,..,..,..,..,..,..,..,..,..,..,..,..,..,..,..,..,..,..,67.9149780273438,..,..,..,..,..,..,..,..,..,..,..,..,..,..,99.7791290283203,99.7883224487305,99.7928619384766,99.7891006469727,99.8228225708008,99.8156204223633,99.8166580200195,99.7996520996094,99.8154830932617,99.8076629638672,99.8044586181641,99.8279190063477,..,99.8096313476563,..,..
Denmark,DNK,"Educational attainment, at least completed lower secondary, population 25+, total (%) (cumulative)",SE.SEC.CUAT.LO.ZS,..,..,..,..,..,..,..,..,..,..,..,..,..,..,..,..,..,..,..,..,..,..,..,..,..,..,..,..,..,..,..,96.568733215332,..,..,..,..,..,..,..,..,..,..,..,99.7318801879883,..,..,..,99.4005966186523,..,96.9064636230469,96.384147644043,96.8822174072266,99.6436004638672,99.5849380493164,91.4856109619141,92.0675811767578,92.4495697021484,..,93.8091125488281,..,95.152702331543,..
Djibouti,DJI,"Educational attainment, at least completed lower secondary, population 25+, total (%) (cumulative)",SE.SEC.CUAT.LO.ZS,..,..,..,..,..,..,..,..,..,..,..,..,..,..,..,..,..,..,..,..,..,..,..,..,..,..,..,..,..,..,..,..,..,..,..,..,..,..,..,..,..,..,..,..,..,..,..,..,..,..,..,..,..,..,..,..,..,..,..,..,..,..
Dominica,DMA,"Educational attainment, at least completed lower secondary, population 25+, total (%) (cumulative)",SE.SEC.CUAT.LO.ZS,..,..,..,..,..,..,..,..,..,..,6.30000019073486,..,..,..,..,..,..,..,..,..,..,12.8400001525879,..,..,..,..,..,..,..,..,..,..,..,..,..,..,..,..,..,..,..,26.5835800170898,..,..,..,..,..,..,..,..,..,..,..,..,..,..,..,..,..,..,..,..
Dominican Republic,DOM,"Educational attainment, at least completed lower secondary, population 25+, total (%) (cumulative)",SE.SEC.CUAT.LO.ZS,..,..,..,..,..,..,..,..,..,..,14,..,..,..,..,..,..,..,..,..,..,..,..,..,..,..,..,..,..,..,..,..,..,..,..,..,..,..,..,..,..,..,..,..,..,..,..,42.5304489135742,..,..,52.6302490234375,53.8441505432129,54.3784599304199,55.2390403747559,56.3503684997559,56.611328125,67.1670379638672,..,..,..,..,..
Ecuador,ECU,"Educational attainment, at least completed lower secondary, population 25+, total (%) (cumulative)",SE.SEC.CUAT.LO.ZS,..,..,..,..,..,..,..,..,..,..,..,..,..,..,14.4239797592163,..,..,..,..,..,..,..,23.5449295043945,..,..,..,..,..,..,..,35.9104804992676,..,..,..,..,..,..,..,..,..,..,..,..,..,..,..,..,43.0781402587891,43.0487594604492,43.0367393493652,44.6848182678223,45.3404693603516,46.8274002075195,47.941520690918,48.7773017883301,52.1816711425781,51.8639602661133,52.8594703674316,..,..,52.5410118103027,..
"Egypt, Arab Rep.",EGY,"Educational attainment, at least completed lower secondary, population 25+, total (%) (cumulative)",SE.SEC.CUAT.LO.ZS,..,..,..,..,..,..,..,..,..,..,..,..,..,..,..,..,..,..,..,..,..,..,..,..,..,..,19.4219608306885,..,..,..,..,..,..,..,..,..,47.7125091552734,..,..,..,..,..,..,..,..,..,44.4307289123535,..,..,..,..,..,..,..,..,..,..,72.9591369628906,..,..,..,..
El Salvador,SLV,"Educational attainment, at least completed lower secondary, population 25+, total (%) (cumulative)",SE.SEC.CUAT.LO.ZS,..,..,..,..,..,..,..,..,..,..,..,7.910560131073,..,..,..,..,..,..,..,..,..,..,..,..,..,..,..,..,..,..,..,..,16.3405990600586,..,..,..,..,..,..,..,..,..,..,..,..,..,34.0115699768066,34.5262489318848,36.6034507751465,37.4731903076172,41.6939582824707,38.5569686889648,39.8185882568359,41.037971496582,..,..,43.2466316223145,42.783390045166,..,46.5443992614746,46.5712203979492,..
Equatorial Guinea,GNQ,"Educational attainment, at least completed lower secondary, population 25+, total (%) (cumulative)",SE.SEC.CUAT.LO.ZS,..,..,..,..,..,..,..,..,..,..,..,..,..,..,..,..,..,..,..,..,..,..,..,..,..,..,..,..,..,..,..,..,..,..,..,..,..,..,..,..,..,..,..,..,..,..,..,..,..,..,..,..,..,..,..,..,..,..,..,..,..,..
Eritrea,ERI,"Educational attainment, at least completed lower secondary, population 25+, total (%) (cumulative)",SE.SEC.CUAT.LO.ZS,..,..,..,..,..,..,..,..,..,..,..,..,..,..,..,..,..,..,..,..,..,..,..,..,..,..,..,..,..,..,..,..,..,..,..,..,..,..,..,..,..,..,..,..,..,..,..,..,..,..,..,..,..,..,..,..,..,..,..,..,..,..
Estonia,EST,"Educational attainment, at least completed lower secondary, population 25+, total (%) (cumulative)",SE.SEC.CUAT.LO.ZS,..,..,..,..,..,..,..,..,..,..,..,..,..,..,..,..,..,..,..,..,..,..,..,..,..,..,..,..,..,..,..,..,..,..,..,..,..,..,..,..,89.3576507568359,..,..,..,..,..,..,..,..,..,..,..,..,..,..,..,..,..,..,..,97.8234634399414,..
Eswatini,SWZ,"Educational attainment, at least completed lower secondary, population 25+, total (%) (cumulative)",SE.SEC.CUAT.LO.ZS,..,..,..,..,..,..,..,..,..,..,..,..,..,..,..,..,11.8622303009033,..,..,..,..,..,..,..,..,..,23.0151500701904,..,..,..,..,..,..,..,..,..,..,..,..,..,..,..,..,..,..,..,..,..,..,..,..,..,..,..,..,..,..,..,..,..,..,..
Ethiopia,ETH,"Educational attainment, at least completed lower secondary, population 25+, total (%) (cumulative)",SE.SEC.CUAT.LO.ZS,..,..,..,..,..,..,..,..,..,..,..,..,..,..,..,..,..,..,..,..,..,..,..,..,..,..,..,..,..,..,..,..,..,..,..,..,..,..,..,..,..,..,..,..,..,..,..,7.21508979797363,..,..,..,12.5116901397705,..,..,..,..,..,..,..,..,..,..
Faroe Islands,FRO,"Educational attainment, at least completed lower secondary, population 25+, total (%) (cumulative)",SE.SEC.CUAT.LO.ZS,..,..,..,..,..,..,..,..,..,..,..,..,..,..,..,..,..,..,..,..,..,..,..,..,..,..,..,..,..,..,..,..,..,..,..,..,..,..,..,..,..,..,..,..,..,..,..,..,..,..,..,..,..,..,..,..,..,..,..,..,..,..
Fiji,FJI,"Educational attainment, at least completed lower secondary, population 25+, total (%) (cumulative)",SE.SEC.CUAT.LO.ZS,..,..,..,..,..,..,..,..,..,..,..,..,..,..,..,..,13.9777698516846,..,..,..,..,..,..,..,..,..,29.3718109130859,..,..,..,..,..,..,..,..,..,45.1248397827148,..,..,..,..,..,..,..,..,..,..,60.3034210205078,..,..,..,..,..,..,..,..,..,87.3066177368164,..,..,..,..
Finland,FIN,"Educational attainment, at least completed lower secondary, population 25+, total (%) (cumulative)",SE.SEC.CUAT.LO.ZS,..,..,..,..,..,..,..,..,..,..,..,..,..,..,..,..,..,..,..,..,..,..,..,..,..,44.4000015258789,..,..,..,..,50.6263313293457,..,..,..,..,..,..,..,..,..,..,..,..,..,..,..,..,..,..,..,..,..,..,..,..,..,..,..,..,..,..,..
France,FRA,"Educational attainment, at least completed lower secondary, population 25+, total (%) (cumulative)",SE.SEC.CUAT.LO.ZS,..,..,..,..,..,..,..,..,..,..,..,..,..,..,..,..,..,..,..,..,..,..,..,..,..,..,..,..,..,..,48.3541107177734,..,..,..,..,..,..,..,..,..,..,..,..,..,74.1402282714844,74.7016830444336,..,76.9348297119141,77.9449081420898,77.9739227294922,79.2164993286133,79.8137283325195,80.487663269043,81.5009994506836,82.6331634521484,83.2034301757813,83.6858291625977,84.2147979736328,..,85.5956573486328,..,..
French Polynesia,PYF,"Educational attainment, at least completed lower secondary, population 25+, total (%) (cumulative)",SE.SEC.CUAT.LO.ZS,..,..,..,..,..,..,..,..,..,..,..,..,..,..,..,..,..,..,..,..,..,..,..,..,..,..,..,..,..,..,..,..,..,..,..,..,..,..,..,..,..,..,..,..,..,..,..,69.399040222168,..,..,..,..,..,..,..,..,..,..,..,..,..,..
Gabon,GAB,"Educational attainment, at least completed lower secondary, population 25+, total (%) (cumulative)",SE.SEC.CUAT.LO.ZS,..,..,..,..,..,..,..,..,..,..,..,..,..,..,..,..,..,..,..,..,..,..,..,..,..,..,..,..,..,..,..,..,..,..,..,..,..,..,..,..,..,..,..,..,..,..,..,..,..,..,..,..,..,..,..,..,..,..,..,..,..,..
"Gambia, The",GMB,"Educational attainment, at least completed lower secondary, population 25+, total (%) (cumulative)",SE.SEC.CUAT.LO.ZS,..,..,..,..,..,..,..,..,..,..,..,..,..,3.81522989273071,..,..,..,..,..,..,..,..,..,..,..,..,..,..,..,..,..,..,..,..,..,..,..,..,..,..,..,..,..,..,..,..,..,..,..,..,..,..,..,..,..,30.9710903167725,..,..,..,..,..,..
Georgia,GEO,"Educational attainment, at least completed lower secondary, population 25+, total (%) (cumulative)",SE.SEC.CUAT.LO.ZS,..,..,..,..,..,..,..,..,..,..,..,..,..,..,..,..,..,..,..,..,..,..,..,..,..,..,..,..,..,..,..,..,..,..,..,..,..,..,..,..,..,..,91.1067733764648,..,..,..,..,..,..,..,..,..,95.5943069458008,..,96.7086486816406,..,97.9518890380859,97.5211715698242,..,97.6632919311523,..,..
Germany,DEU,"Educational attainment, at least completed lower secondary, population 25+, total (%) (cumulative)",SE.SEC.CUAT.LO.ZS,..,..,..,..,..,..,..,..,..,..,..,..,..,..,..,..,..,..,..,..,..,..,..,..,..,..,..,..,..,..,..,..,..,..,..,..,..,..,..,..,..,..,..,..,97.7540130615234,96.9008636474609,96.9334335327148,97.0852127075195,96.7395401000977,96.7073287963867,96.5238418579102,96.713623046875,96.7308578491211,96.6717910766602,96.7991485595703,96.7161178588867,96.5136413574219,..,96.3322525024414,..,..,..
Ghana,GHA,"Educational attainment, at least completed lower secondary, population 25+, total (%) (cumulative)",SE.SEC.CUAT.LO.ZS,..,..,..,..,..,..,..,..,..,..,16.5,..,..,..,..,..,..,..,..,..,..,..,..,..,..,..,..,..,..,..,..,..,..,..,..,..,..,..,..,..,..,..,..,..,..,..,..,..,..,..,54.3196182250977,..,..,..,..,..,..,..,..,..,..,..
Gibraltar,GIB,"Educational attainment, at least completed lower secondary, population 25+, total (%) (cumulative)",SE.SEC.CUAT.LO.ZS,..,..,..,..,..,..,..,..,..,..,..,..,..,..,..,..,..,..,..,..,..,..,..,..,..,..,..,..,..,..,..,..,..,..,..,..,..,..,..,..,..,..,..,..,..,..,..,..,..,..,..,..,..,..,..,..,..,..,..,..,..,..
Greece,GRC,"Educational attainment, at least completed lower secondary, population 25+, total (%) (cumulative)",SE.SEC.CUAT.LO.ZS,..,..,..,..,..,..,..,..,..,..,..,..,..,..,..,..,..,..,..,..,..,27.2999992370605,..,..,..,..,..,..,..,..,..,37.4000015258789,..,..,..,..,..,..,..,..,..,..,..,..,..,58.2926902770996,61.9432182312012,61.5620307922363,62.0254783630371,..,63.1490783691406,..,..,..,67.5204162597656,69.1706924438477,64.8029022216797,..,..,..,73.6619491577148,..
Greenland,GRL,"Educational attainment, at least completed lower secondary, population 25+, total (%) (cumulative)",SE.SEC.CUAT.LO.ZS,..,..,..,..,..,..,..,..,..,..,..,..,..,..,..,..,..,..,..,..,..,..,..,..,..,..,..,..,..,..,..,..,..,..,..,..,..,..,..,..,..,..,..,..,..,..,..,..,..,..,..,..,..,..,..,..,..,..,100,100,..,..
Grenada,GRD,"Educational attainment, at least completed lower secondary, population 25+, total (%) (cumulative)",SE.SEC.CUAT.LO.ZS,..,..,..,..,..,..,..,..,..,..,6.76503992080688,..,..,..,..,..,..,..,..,..,..,10.003589630127,..,..,..,..,..,..,..,..,..,..,..,..,..,..,..,..,..,..,..,..,..,..,..,..,..,..,..,..,..,..,..,..,..,..,..,..,..,..,..,..
Guam,GUM,"Educational attainment, at least completed lower secondary, population 25+, total (%) (cumulative)",SE.SEC.CUAT.LO.ZS,..,..,..,..,..,..,..,..,..,..,65.733642578125,..,..,..,..,..,..,..,..,..,78.7433090209961,..,..,..,..,..,..,..,..,..,86.1523666381836,..,..,..,..,..,..,..,..,..,..,..,..,..,..,..,..,..,..,..,..,..,..,..,..,..,..,..,..,..,..,..
Guatemala,GTM,"Educational attainment, at least completed lower secondary, population 25+, total (%) (cumulative)",SE.SEC.CUAT.LO.ZS,..,..,..,..,..,..,..,..,..,..,..,..,..,6.09999990463257,..,..,..,..,..,..,..,9.10000038146973,..,..,..,..,..,..,..,..,..,..,..,..,..,..,..,..,..,..,..,..,17.1474800109863,..,..,..,14.754599571228,..,..,..,..,..,24.1801605224609,25.4574794769287,..,..,..,..,..,32.2936897277832,..,..
Guinea,GIN,"Educational attainment, at least completed lower secondary, population 25+, total (%) (cumulative)",SE.SEC.CUAT.LO.ZS,..,..,..,..,..,..,..,..,..,..,..,..,..,..,..,..,..,..,..,..,..,..,..,..,..,..,..,..,..,..,..,..,..,..,..,..,9.95954990386963,..,..,..,..,..,..,..,..,..,..,..,..,..,11.68274974823,..,..,..,10.8654203414917,..,..,..,12.6291999816895,..,..,..
Guinea-Bissau,GNB,"Educational attainment, at least completed lower secondary, population 25+, total (%) (cumulative)",SE.SEC.CUAT.LO.ZS,..,..,..,..,..,..,..,..,..,..,..,..,..,..,..,..,..,..,..,..,..,..,..,..,..,..,..,..,..,..,..,..,..,..,..,..,..,..,..,..,..,..,..,..,..,..,..,..,..,..,..,..,..,..,..,..,..,..,..,..,..,..
Guyana,GUY,"Educational attainment, at least completed lower secondary, population 25+, total (%) (cumulative)",SE.SEC.CUAT.LO.ZS,..,..,..,..,..,..,..,..,..,..,10.185830116272,..,..,..,..,..,..,..,..,..,19.1052494049072,..,..,..,..,..,..,..,..,..,..,..,..,..,..,..,..,..,..,..,..,..,31.1933898925781,..,..,..,..,..,..,..,..,..,..,..,..,..,..,..,..,..,..,..
Haiti,HTI,"Educational attainment, at least completed lower secondary, population 25+, total (%) (cumulative)",SE.SEC.CUAT.LO.ZS,..,..,..,..,..,..,..,..,..,..,..,4.0682201385498,..,..,..,..,..,..,..,..,..,..,7.80350017547607,..,..,..,10.0275402069092,..,..,..,..,..,..,..,..,..,..,..,..,..,..,..,..,..,..,..,..,..,..,..,..,..,..,..,..,..,..,..,..,..,..,..
Honduras,HND,"Educational attainment, at least completed lower secondary, population 25+, total (%) (cumulative)",SE.SEC.CUAT.LO.ZS,..,..,..,..,..,..,..,..,..,..,..,..,..,..,6.38525009155273,..,..,..,..,..,..,..,..,..,..,..,..,..,..,..,..,..,..,..,..,..,..,..,..,..,..,..,..,..,..,..,..,19.9335193634033,..,..,..,27.6482696533203,27.06077003479,..,32.4401893615723,32.4770812988281,33.6950607299805,..,31.1811904907227,40.2659187316895,..,..
"Hong Kong SAR, China",HKG,"Educational attainment, at least completed lower secondary, population 25+, total (%) (cumulative)",SE.SEC.CUAT.LO.ZS,..,..,..,..,..,..,..,..,..,..,..,25.3655605316162,..,..,..,..,29.2000007629395,..,..,..,..,37.6579704284668,..,..,..,..,46,..,..,..,..,53.9734916687012,..,..,..,..,61.7018890380859,..,..,..,..,..,..,..,..,..,71.2339630126953,..,72.2553863525391,73.1078567504883,73.9628677368164,75.3992385864258,..,..,77.4559020996094,78.4135131835938,..,79.4001693725586,..,79.8697662353516,..,..
Hungary,HUN,"Educational attainment, at least completed lower secondary, population 25+, total (%) (cumulative)",SE.SEC.CUAT.LO.ZS,..,..,..,..,..,..,..,..,..,..,80.4925537109375,..,..,..,..,..,..,..,..,..,87.5269088745117,..,..,..,..,..,..,..,..,..,..,..,..,..,..,..,..,..,..,..,..,87.3180084228516,..,..,..,90.8201599121094,..,..,..,97.6494979858398,97.9304733276367,98.2056579589844,98.2855682373047,98.3937377929688,96.6406173706055,96.7666091918945,97.1764984130859,..,..,..,98.1814270019531,..
Iceland,ISL,"Educational attainment, at least completed lower secondary, population 25+, total (%) (cumulative)",SE.SEC.CUAT.LO.ZS,..,..,..,..,..,..,..,..,..,..,..,..,..,..,..,..,..,..,..,..,..,..,..,..,..,..,..,..,..,..,..,..,..,..,..,..,..,..,..,..,..,..,..,..,..,95.8437881469727,..,..,..,..,..,..,..,..,..,..,..,..,..,99.2928466796875,99.713623046875,..
India,IND,"Educational attainment, at least completed lower secondary, population 25+, total (%) (cumulative)",SE.SEC.CUAT.LO.ZS,..,..,..,..,..,..,..,..,..,..,..,5.04364013671875,..,..,..,..,..,..,..,..,..,16.2313499450684,..,..,..,..,..,..,..,..,..,..,..,..,..,..,..,..,..,..,..,..,..,..,..,..,..,..,..,..,..,37.5658302307129,..,..,..,..,..,..,..,..,..,..
Indonesia,IDN,"Educational attainment, at least completed lower secondary, population 25+, total (%) (cumulative)",SE.SEC.CUAT.LO.ZS,..,..,..,..,..,..,..,..,..,..,..,5.59492015838623,..,..,..,..,..,..,..,..,10.4346199035645,..,..,..,..,..,..,..,..,..,19.0963802337646,..,..,..,..,..,..,..,..,..,..,..,..,..,..,..,43.2765502929688,40.3787612915039,41.3983383178711,42.2905387878418,..,44.4820404052734,..,..,47.2939186096191,48.8020706176758,43.9723091125488,..,50.9141387939453,..,54.5782318115234,..
"Iran, Islamic Rep.",IRN,"Educational attainment, at least completed lower secondary, population 25+, total (%) (cumulative)",SE.SEC.CUAT.LO.ZS,..,..,..,..,..,..,..,..,..,..,..,..,..,..,..,..,..,..,..,..,..,..,..,..,..,..,..,..,..,..,..,..,..,..,..,..,..,..,..,..,..,..,..,..,..,..,67.9420394897461,..,60.1289215087891,..,62.4884185791016,..,64.7064666748047,67.731201171875,68.479850769043,..,69.8314590454102,..,..,..,..,..
Iraq,IRQ,"Educational attainment, at least completed lower secondary, population 25+, total (%) (cumulative)",SE.SEC.CUAT.LO.ZS,..,..,..,..,..,..,..,..,..,..,..,..,..,..,..,..,..,..,..,..,..,..,..,..,..,..,..,..,..,..,..,..,..,..,..,..,..,..,..,..,..,..,..,..,..,..,..,..,..,..,..,..,..,44.131908416748,..,..,..,..,..,..,..,..
Ireland,IRL,"Educational attainment, at least completed lower secondary, population 25+, total (%) (cumulative)",SE.SEC.CUAT.LO.ZS,..,..,..,..,..,..,..,..,..,..,..,32.0589485168457,..,..,..,..,..,..,..,..,..,47.6378784179688,..,..,..,..,..,..,..,..,..,..,..,..,..,..,..,..,..,..,..,..,..,..,..,..,..,77.0306167602539,..,..,81.0681991577148,83.4697036743164,..,..,..,..,..,86.1611022949219,..,..,..,..
Isle of Man,IMN,"Educational attainment, at least completed lower secondary, population 25+, total (%) (cumulative)",SE.SEC.CUAT.LO.ZS,..,..,..,..,..,..,..,..,..,..,..,..,..,..,..,..,..,..,..,..,..,..,..,..,..,..,..,..,..,..,..,..,..,..,..,..,..,..,..,..,..,..,..,..,..,..,..,..,..,..,..,..,..,..,..,..,..,..,..,..,..,..
Israel,ISR,"Educational attainment, at least completed lower secondary, population 25+, total (%) (cumulative)",SE.SEC.CUAT.LO.ZS,..,..,..,..,..,..,..,..,..,..,..,..,46.0365791320801,..,..,..,..,..,..,..,..,..,59.7000007629395,47.0999984741211,..,..,..,..,..,..,..,..,..,..,..,..,..,..,..,..,..,..,..,..,95.0468673706055,..,75.345329284668,84.3585891723633,..,84.8177032470703,85.1100463867188,85.7394104003906,86.1581115722656,88.427131652832,88.8317489624023,89.1813583374023,..,..,..,..,..,..
Italy,ITA,"Educational attainment, at least completed lower secondary, population 25+, total (%) (cumulative)",SE.SEC.CUAT.LO.ZS,..,..,..,..,..,..,..,..,..,..,..,20.115270614624,..,..,..,..,..,..,..,..,..,33.2999992370605,..,..,..,..,..,..,..,..,..,..,..,..,..,..,..,..,..,..,..,64.4224166870117,..,..,..,68.7590026855469,69.9742279052734,70.8761367797852,71.9095611572266,72.8498764038086,73.8259963989258,74.7727508544922,75.682258605957,..,77.624397277832,78.4582595825195,..,..,..,..,82.1943817138672,..
Jamaica,JAM,"Educational attainment, at least completed lower secondary, population 25+, total (%) (cumulative)",SE.SEC.CUAT.LO.ZS,..,..,..,..,..,..,..,..,..,..,8.05422019958496,..,..,..,..,..,..,..,..,..,..,..,17,..,..,..,..,..,..,..,..,32.589038848877,..,..,..,..,..,..,..,..,..,..,..,..,..,..,..,..,..,..,..,60.7160682678223,..,..,..,..,..,..,..,..,..,..
Japan,JPN,"Educational attainment, at least completed lower secondary, population 25+, total (%) (cumulative)",SE.SEC.CUAT.LO.ZS,..,..,..,..,..,..,..,..,..,..,..,..,..,..,..,..,..,..,..,..,..,..,..,..,..,..,..,..,..,..,..,..,..,..,..,..,..,..,..,..,..,..,..,..,..,..,..,..,..,..,..,..,..,..,..,..,..,..,..,..,..,..
Jordan,JOR,"Educational attainment, at least completed lower secondary, population 25+, total (%) (cumulative)",SE.SEC.CUAT.LO.ZS,..,..,..,..,..,..,..,..,..,..,..,..,..,..,..,..,..,..,..,..,..,..,..,..,..,..,..,..,..,..,..,..,..,..,..,..,..,..,..,..,..,..,..,57.5707702636719,..,..,..,..,73.3219833374023,..,74.1112213134766,..,..,..,..,..,..,..,80.9466705322266,..,80.7258377075195,..
Kazakhstan,KAZ,"Educational attainment, at least completed lower secondary, population 25+, total (%) (cumulative)",SE.SEC.CUAT.LO.ZS,..,..,..,..,..,..,..,..,..,..,..,..,..,..,..,..,..,..,..,..,..,..,..,..,..,..,..,..,..,63.0999984741211,..,..,..,..,..,..,..,..,..,82.0864181518555,..,..,..,..,..,..,..,99.3405609130859,..,95.5671615600586,..,..,..,..,..,..,..,..,99.4586715698242,..,..,..
Kenya,KEN,"Educational attainment, at least completed lower secondary, population 25+, total (%) (cumulative)",SE.SEC.CUAT.LO.ZS,..,..,..,..,..,..,..,..,..,..,..,..,..,..,..,..,..,..,..,9.19999980926514,..,..,..,..,..,..,..,..,..,..,..,..,..,..,..,..,..,..,..,..,..,..,..,..,..,..,..,..,..,32.9115982055664,29.0737495422363,..,..,..,..,..,..,..,..,..,..,..
Kiribati,KIR,"Educational attainment, at least completed lower secondary, population 25+, total (%) (cumulative)",SE.SEC.CUAT.LO.ZS,..,..,..,..,..,..,..,..,..,..,..,..,..,..,..,..,..,..,10.5359601974487,..,..,..,..,..,..,..,..,..,..,..,..,..,..,..,..,..,..,..,..,..,..,..,..,..,..,..,..,..,..,..,..,..,..,..,..,..,..,..,..,..,..,..
"Korea, Dem. People's Rep.",PRK,"Educational attainment, at least completed lower secondary, population 25+, total (%) (cumulative)",SE.SEC.CUAT.LO.ZS,..,..,..,..,..,..,..,..,..,..,..,..,..,..,..,..,..,..,..,..,..,..,..,..,..,..,..,..,..,..,..,..,..,..,..,..,..,..,..,..,..,..,..,..,..,..,..,..,..,..,..,..,..,..,..,..,..,..,..,..,..,..
"Korea, Rep.",KOR,"Educational attainment, at least completed lower secondary, population 25+, total (%) (cumulative)",SE.SEC.CUAT.LO.ZS,..,..,..,..,..,..,..,..,..,..,27.5836696624756,..,..,..,..,35.5999984741211,..,..,..,..,45.8061408996582,..,..,..,..,..,..,..,..,..,67.3000030517578,..,..,..,..,71.9248504638672,..,..,..,..,77.0457382202148,..,..,..,..,80.4800109863281,..,..,..,77.8654174804688,82.9011688232422,..,..,..,..,85.7208404541016,..,..,..,..,..,..
Kosovo,XKX,"Educational attainment, at least completed lower secondary, population 25+, total (%) (cumulative)",SE.SEC.CUAT.LO.ZS,..,..,..,..,..,..,..,..,..,..,..,..,..,..,..,..,..,..,..,..,..,..,..,..,..,..,..,..,..,..,..,..,..,..,..,..,..,..,..,..,..,..,..,..,..,..,..,..,..,..,..,..,..,..,..,..,..,..,..,..,..,..
Kuwait,KWT,"Educational attainment, at least completed lower secondary, population 25+, total (%) (cumulative)",SE.SEC.CUAT.LO.ZS,..,..,..,..,..,..,..,..,..,..,18.7000007629395,..,..,..,..,23.8999996185303,..,..,..,..,34.4931907653809,..,..,..,..,42.4743003845215,..,..,..,..,..,..,..,..,..,..,..,..,..,..,..,..,..,..,..,43.5780487060547,44.8062782287598,46.2761688232422,48.8844184875488,..,..,..,56.0329704284668,50.8304901123047,..,55.8721008300781,..,56.0804710388184,55.9323883056641,..,..,..
Kyrgyz Republic,KGZ,"Educational attainment, at least completed lower secondary, population 25+, total (%) (cumulative)",SE.SEC.CUAT.LO.ZS,..,..,..,..,..,..,..,..,..,..,..,..,..,..,..,..,..,..,..,..,..,..,..,..,..,..,..,..,..,..,..,..,..,..,..,..,..,..,..,89.2423324584961,..,..,..,..,..,..,..,..,..,95.6928405761719,..,..,..,..,..,..,..,..,..,..,..,..
Lao PDR,LAO,"Educational attainment, at least completed lower secondary, population 25+, total (%) (cumulative)",SE.SEC.CUAT.LO.ZS,..,..,..,..,..,..,..,..,..,..,..,..,..,..,..,..,..,..,..,..,..,..,..,..,..,..,..,..,..,..,..,..,..,..,..,..,..,..,..,..,..,..,..,..,..,..,..,..,..,..,..,..,..,..,..,..,..,..,..,..,..,..
Latvia,LVA,"Educational attainment, at least completed lower secondary, population 25+, total (%) (cumulative)",SE.SEC.CUAT.LO.ZS,..,..,..,..,..,..,..,..,..,..,..,..,..,..,..,..,..,..,..,..,..,..,..,..,..,..,..,..,..,59.6433906555176,..,..,..,..,..,..,..,..,..,..,..,..,..,..,96.9755172729492,97.9973678588867,98.2539672851563,97.4188613891602,97.9207077026367,98.4430084228516,98.7071304321289,98.7891616821289,98.9310073852539,98.9774017333984,99.4220123291016,99.276496887207,99.238639831543,..,..,..,..,..
Lebanon,LBN,"Educational attainment, at least completed lower secondary, population 25+, total (%) (cumulative)",SE.SEC.CUAT.LO.ZS,..,..,..,..,..,..,..,..,..,..,15.1000003814697,..,..,..,..,..,..,..,..,..,..,..,..,..,..,..,..,..,..,..,..,..,..,..,..,..,..,..,..,..,..,..,..,..,..,..,..,54.2877388000488,..,..,..,..,..,..,..,..,..,..,..,..,..,..
Lesotho,LSO,"Educational attainment, at least completed lower secondary, population 25+, total (%) (cumulative)",SE.SEC.CUAT.LO.ZS,..,..,..,..,..,..,..,..,..,..,..,..,..,..,..,..,4.73823976516724,..,..,..,..,..,..,..,..,..,..,..,..,..,..,..,..,..,..,..,..,..,..,..,..,..,..,..,..,..,25.5813694000244,..,20.8719692230225,..,..,..,..,..,..,..,..,..,..,..,..,..
Liberia,LBR,"Educational attainment, at least completed lower secondary, population 25+, total (%) (cumulative)",SE.SEC.CUAT.LO.ZS,..,..,..,..,..,..,..,..,..,..,..,..,..,..,9.08051013946533,..,..,..,..,..,..,..,..,..,..,..,..,..,..,..,..,..,..,..,..,..,..,..,..,..,..,..,..,..,..,..,..,..,..,..,..,..,..,..,..,..,..,..,..,..,..,..
Libya,LBY,"Educational attainment, at least completed lower secondary, population 25+, total (%) (cumulative)",SE.SEC.CUAT.LO.ZS,..,..,..,..,..,..,..,..,..,..,..,..,..,..,..,..,..,..,..,..,..,..,..,..,16.3999996185303,..,..,..,..,..,..,..,..,..,..,..,..,..,..,..,..,..,..,..,..,..,..,..,..,..,..,..,..,..,..,..,..,..,..,..,..,..
Liechtenstein,LIE,"Educational attainment, at least completed lower secondary, population 25+, total (%) (cumulative)",SE.SEC.CUAT.LO.ZS,..,..,..,..,..,..,..,..,..,..,19.5,..,..,..,..,..,..,..,..,..,..,..,..,..,..,..,..,..,..,..,..,..,..,..,..,..,..,..,..,..,96.6719207763672,..,..,..,..,..,..,..,..,..,..,..,..,..,..,..,..,..,..,..,..,..
Lithuania,LTU,"Educational attainment, at least completed lower secondary, population 25+, total (%) (cumulative)",SE.SEC.CUAT.LO.ZS,..,..,..,..,..,..,..,..,..,..,..,..,..,..,..,..,..,..,..,..,..,..,..,..,..,..,..,..,..,69.6034774780273,..,..,..,..,..,..,..,..,..,..,..,..,..,..,..,86.9803771972656,88.0702209472656,88.5567092895508,89.5619125366211,90.2407302856445,90.9595184326172,91.6342010498047,91.415168762207,92.2894592285156,93.0639724731445,93.7850036621094,95.1781692504883,95.6007766723633,..,..,96.6112670898438,..
Luxembourg,LUX,"Educational attainment, at least completed lower secondary, population 25+, total (%) (cumulative)",SE.SEC.CUAT.LO.ZS,..,..,..,..,..,..,..,..,..,..,..,..,..,..,..,..,..,..,..,..,..,..,..,..,..,..,..,..,..,..,..,56.3331298828125,..,..,..,..,..,..,..,..,..,71.0187911987305,..,65.4449310302734,..,..,..,77.8855590820313,..,..,..,..,..,..,..,..,..,..,..,..,..,..
"Macao SAR, China",MAC,"Educational attainment, at least completed lower secondary, population 25+, total (%) (cumulative)",SE.SEC.CUAT.LO.ZS,..,..,..,..,..,..,..,..,..,..,15.1114597320557,..,..,..,..,..,..,..,..,..,..,..,..,..,..,..,..,..,..,..,..,51.0256996154785,..,..,..,..,..,..,..,..,..,52.276050567627,..,..,..,..,60.568660736084,..,..,..,..,68.5089111328125,..,..,..,..,73.3394165039063,..,..,..,..,..
Madagascar,MDG,"Educational attainment, at least completed lower secondary, population 25+, total (%) (cumulative)",SE.SEC.CUAT.LO.ZS,..,..,..,..,..,..,..,..,..,..,..,..,..,..,..,..,..,..,..,..,..,..,..,..,..,..,..,..,..,..,..,..,..,..,..,..,..,..,..,..,..,..,..,..,..,..,..,..,..,..,..,..,..,..,..,..,..,..,28.5201206207275,..,..,..
Malawi,MWI,"Educational attainment, at least completed lower secondary, population 25+, total (%) (cumulative)",SE.SEC.CUAT.LO.ZS,..,..,..,..,..,..,..,..,..,..,..,..,..,..,..,..,..,2.67515993118286,..,..,..,..,..,..,..,..,..,5.20663976669312,..,..,..,..,..,..,..,..,..,..,8.57250022888184,..,..,..,..,..,..,..,..,..,..,..,..,..,..,..,..,..,..,..,..,..,..,..
Malaysia,MYS,"Educational attainment, at least completed lower secondary, population 25+, total (%) (cumulative)",SE.SEC.CUAT.LO.ZS,..,..,..,..,..,..,..,..,..,..,..,..,..,..,..,..,..,..,..,..,21.2766399383545,..,..,..,..,..,..,..,..,..,..,..,..,..,..,..,49.7185287475586,..,..,..,56.4810485839844,..,..,..,..,46.4972686767578,..,..,..,66.9440002441406,68.2157211303711,..,..,..,..,..,74.2072372436523,..,..,76.7779769897461,..,..
Maldives,MDV,"Educational attainment, at least completed lower secondary, population 25+, total (%) (cumulative)",SE.SEC.CUAT.LO.ZS,..,..,..,..,..,..,..,..,..,..,..,..,..,..,..,..,..,..,..,..,..,..,..,..,..,..,..,..,..,..,..,..,..,..,..,..,..,..,..,..,..,..,..,..,..,..,15.8766098022461,..,..,..,..,..,..,..,..,..,..,..,..,..,..,..
Mali,MLI,"Educational attainment, at least completed lower secondary, population 25+, total (%) (cumulative)",SE.SEC.CUAT.LO.ZS,..,..,..,..,..,..,..,..,..,..,..,..,..,..,..,..,0.764029979705811,..,..,..,..,..,..,..,..,..,..,..,..,..,..,..,..,..,..,..,..,..,..,..,..,..,..,..,..,..,10.32546043396,..,..,..,..,10.9343595504761,..,..,..,9.94229984283447,7.7949800491333,..,10.0408096313477,..,11.5809001922607,..
Malta,MLT,"Educational attainment, at least completed lower secondary, population 25+, total (%) (cumulative)",SE.SEC.CUAT.LO.ZS,..,..,..,..,..,..,..,..,..,..,..,..,..,..,..,..,..,..,..,..,..,..,..,..,..,..,..,..,..,..,..,..,..,..,..,..,..,..,..,..,39.1042518615723,..,..,..,..,63.1791801452637,..,62.5391693115234,..,..,68.1339416503906,69.7437286376953,73.2910614013672,75.6393890380859,76.8865127563477,77.5713577270508,78.2185134887695,..,82.1786727905273,..,85.2380523681641,..
Marshall Islands,MHL,"Educational attainment, at least completed lower secondary, population 25+, total (%) (cumulative)",SE.SEC.CUAT.LO.ZS,..,..,..,..,..,..,..,..,..,..,..,..,..,..,..,..,..,..,..,..,..,..,..,..,..,..,..,..,..,..,..,..,..,..,..,..,..,..,..,..,..,..,..,..,..,..,..,..,..,..,..,92.0607376098633,..,..,..,..,..,..,..,..,..,..
Mauritania,MRT,"Educational attainment, at least completed lower secondary, population 25+, total (%) (cumulative)",SE.SEC.CUAT.LO.ZS,..,..,..,..,..,..,..,..,..,..,..,..,..,..,..,..,..,..,..,..,..,..,..,..,..,..,..,..,5.09999990463257,..,..,..,..,..,..,..,..,..,..,..,..,..,..,..,..,..,..,..,..,..,..,..,..,15.0603399276733,..,..,..,..,..,..,..,..
Mauritius,MUS,"Educational attainment, at least completed lower secondary, population 25+, total (%) (cumulative)",SE.SEC.CUAT.LO.ZS,..,..,..,..,..,..,..,..,..,..,..,..,13.1841402053833,..,..,..,..,..,..,..,..,..,..,24.2821502685547,..,..,..,..,..,..,33,..,..,..,..,..,..,..,..,..,39.1042518615723,..,..,..,..,..,..,..,..,..,..,54.2446708679199,..,..,..,..,..,..,..,..,..,..
Mexico,MEX,"Educational attainment, at least completed lower secondary, population 25+, total (%) (cumulative)",SE.SEC.CUAT.LO.ZS,..,..,..,..,..,..,..,..,..,..,..,..,..,..,..,..,..,..,..,..,17.1672096252441,..,..,..,..,..,..,..,..,..,32.6394882202148,..,..,..,..,..,..,..,..,..,40.4004783630371,..,..,..,47.9557304382324,47.6764907836914,51.797191619873,51.8123016357422,52.8056488037109,54.364559173584,53.0869216918945,..,58.0119209289551,56.5583801269531,57.4869689941406,59.538761138916,59.7126693725586,61.171070098877,63.2359199523926,..,65.845817565918,..
"Micronesia, Fed. Sts.",FSM,"Educational attainment, at least completed lower secondary, population 25+, total (%) (cumulative)",SE.SEC.CUAT.LO.ZS,..,..,..,..,..,..,..,..,..,..,..,..,..,..,..,..,..,..,..,..,..,..,..,..,..,..,..,..,..,..,..,..,..,..,..,..,..,..,..,..,..,..,..,..,..,..,..,..,..,..,..,..,..,..,..,..,..,..,..,..,..,..
Moldova,MDA,"Educational attainment, at least completed lower secondary, population 25+, total (%) (cumulative)",SE.SEC.CUAT.LO.ZS,..,..,..,..,..,..,..,..,..,..,..,..,..,..,..,..,..,..,..,..,..,..,..,..,..,..,..,..,..,70.1999969482422,..,..,..,..,..,..,..,..,..,..,..,..,..,..,..,..,..,91.7156829833984,92.4658737182617,93.3312911987305,93.7892074584961,94.3194732666016,95.0330429077148,95.4942779541016,96.1719436645508,96.3761825561523,..,..,97.2897186279297,96.9573364257813,..,..
Monaco,MCO,"Educational attainment, at least completed lower secondary, population 25+, total (%) (cumulative)",SE.SEC.CUAT.LO.ZS,..,..,..,..,..,..,..,..,..,..,..,..,..,..,..,57.1057586669922,..,..,..,..,..,..,..,..,..,..,..,..,..,..,..,..,..,..,..,..,..,..,..,..,..,..,..,..,..,..,..,..,..,..,..,..,..,..,..,..,..,..,..,..,..,..
Mongolia,MNG,"Educational attainment, at least completed lower secondary, population 25+, total (%) (cumulative)",SE.SEC.CUAT.LO.ZS,..,..,..,..,..,..,..,..,..,..,..,..,..,..,..,..,..,..,..,..,..,..,..,..,..,..,..,..,..,..,..,..,..,..,..,..,..,..,..,..,80.2110290527344,..,..,..,..,..,..,..,..,..,84.7132415771484,..,..,..,..,..,..,..,..,..,76.2942504882813,..
Montenegro,MNE,"Educational attainment, at least completed lower secondary, population 25+, total (%) (cumulative)",SE.SEC.CUAT.LO.ZS,..,..,..,..,..,..,..,..,..,..,..,..,..,..,..,..,..,..,..,..,..,..,..,..,..,..,..,..,..,..,..,..,..,..,..,..,..,..,..,..,..,..,..,83.5342483520508,..,..,..,..,..,..,..,89.4246063232422,..,..,..,..,..,..,..,..,..,..
Morocco,MAR,"Educational attainment, at least completed lower secondary, population 25+, total (%) (cumulative)",SE.SEC.CUAT.LO.ZS,..,..,..,..,..,..,..,..,..,..,..,4.40000009536743,..,..,..,..,..,..,..,..,..,..,..,..,..,..,..,..,..,..,..,..,..,..,..,..,..,..,..,..,..,..,..,..,..,..,..,..,..,..,..,..,..,..,..,..,..,..,..,..,..,..
Mozambique,MOZ,"Educational attainment, at least completed lower secondary, population 25+, total (%) (cumulative)",SE.SEC.CUAT.LO.ZS,..,..,..,..,..,..,..,..,..,..,..,..,..,..,..,..,..,..,..,..,0.899999976158142,..,..,..,..,..,..,..,..,..,..,..,..,..,..,..,..,..,..,..,..,..,..,..,..,..,..,..,..,15.6718797683716,..,13.8628797531128,..,..,..,16.8474197387695,..,14.9579200744629,..,..,..,..
Myanmar,MMR,"Educational attainment, at least completed lower secondary, population 25+, total (%) (cumulative)",SE.SEC.CUAT.LO.ZS,..,..,..,..,..,..,..,..,..,..,..,..,..,9.30000019073486,..,..,..,..,..,..,..,..,..,16.5,..,..,..,..,..,..,..,..,..,..,..,..,..,..,..,..,..,..,..,..,..,..,..,..,..,..,..,..,..,..,..,..,..,..,..,42.6302795410156,..,..
Namibia,NAM,"Educational attainment, at least completed lower secondary, population 25+, total (%) (cumulative)",SE.SEC.CUAT.LO.ZS,..,..,..,..,..,..,..,..,..,..,..,..,..,..,..,..,..,..,..,..,..,..,..,..,..,..,..,..,..,..,..,..,..,..,..,..,..,..,..,..,..,28.5138702392578,..,..,..,..,..,..,..,..,..,..,..,..,..,..,..,..,..,..,..,..
Nauru,NRU,"Educational attainment, at least completed lower secondary, population 25+, total (%) (cumulative)",SE.SEC.CUAT.LO.ZS,..,..,..,..,..,..,..,..,..,..,..,..,..,..,..,..,..,..,..,..,..,..,..,..,..,..,..,..,..,..,..,..,..,..,..,..,..,..,..,..,..,..,..,..,..,..,..,..,..,..,..,..,..,..,..,..,..,..,..,..,..,..
Nepal,NPL,"Educational attainment, at least completed lower secondary, population 25+, total (%) (cumulative)",SE.SEC.CUAT.LO.ZS,..,..,..,..,..,..,..,..,..,..,..,2.09802007675171,..,..,..,..,..,..,..,..,..,4.81923007965088,..,..,..,..,..,..,..,..,..,..,..,..,..,..,..,..,..,..,..,22.8982391357422,..,..,..,..,..,..,..,..,..,26.5999507904053,..,..,..,..,..,..,..,..,..,..
Netherlands,NLD,"Educational attainment, at least completed lower secondary, population 25+, total (%) (cumulative)",SE.SEC.CUAT.LO.ZS,..,..,..,..,..,..,..,..,..,..,..,53,..,..,..,..,..,..,..,..,..,..,..,..,..,..,..,..,..,..,..,..,..,..,..,..,..,..,..,..,..,..,..,..,89.1661682128906,88.9880065917969,..,90.2390975952148,89.4680633544922,89.443359375,89.5227966308594,89.4312515258789,89.8591079711914,89.4114608764648,89.3653717041016,89.4881210327148,89.7140426635742,..,90.3683166503906,..,91.2177810668945,..
New Caledonia,NCL,"Educational attainment, at least completed lower secondary, population 25+, total (%) (cumulative)",SE.SEC.CUAT.LO.ZS,..,..,..,..,..,..,..,..,..,..,..,..,..,..,..,..,..,..,..,..,..,..,..,..,..,..,..,..,..,..,..,..,..,..,..,..,..,..,..,..,..,..,..,..,..,..,..,..,..,..,..,..,..,..,..,..,..,..,..,..,..,..
New Zealand,NZL,"Educational attainment, at least completed lower secondary, population 25+, total (%) (cumulative)",SE.SEC.CUAT.LO.ZS,..,..,..,..,..,..,..,..,..,..,..,..,..,..,..,..,..,..,..,..,..,56.6950416564941,..,..,..,..,..,..,..,..,..,63.1911506652832,..,..,..,..,..,..,..,..,..,..,..,..,..,..,..,..,..,..,..,..,..,..,..,..,..,..,..,..,81.919792175293,..
Nicaragua,NIC,"Educational attainment, at least completed lower secondary, population 25+, total (%) (cumulative)",SE.SEC.CUAT.LO.ZS,..,..,..,..,..,..,..,..,..,..,..,..,..,..,..,..,..,..,..,..,..,..,..,..,..,..,..,..,..,..,..,..,..,..,..,..,..,..,..,..,..,..,..,..,..,..,..,..,..,..,..,..,..,..,..,..,..,..,..,..,..,..
Niger,NER,"Educational attainment, at least completed lower secondary, population 25+, total (%) (cumulative)",SE.SEC.CUAT.LO.ZS,..,..,..,..,..,..,..,..,..,..,..,..,..,..,..,..,..,0.600000023841858,..,..,..,..,..,..,..,..,..,..,..,..,..,..,..,..,..,..,..,..,..,..,..,..,..,..,..,..,..,..,..,..,..,..,8.36524963378906,..,..,..,..,..,..,..,..,..
Nigeria,NGA,"Educational attainment, at least completed lower secondary, population 25+, total (%) (cumulative)",SE.SEC.CUAT.LO.ZS,..,..,..,..,..,..,..,..,..,..,..,..,..,..,..,..,..,..,..,..,..,..,..,..,..,..,..,..,..,..,..,..,..,..,..,..,..,..,..,..,..,..,..,..,..,..,49.4198608398438,..,..,..,..,..,..,..,..,..,..,..,..,..,..,..
North Macedonia,MKD,"Educational attainment, at least completed lower secondary, population 25+, total (%) (cumulative)",SE.SEC.CUAT.LO.ZS,..,..,..,..,..,..,..,..,..,..,..,..,..,..,..,..,..,..,..,..,..,..,..,..,..,..,..,..,..,..,..,..,..,..,39.8930511474609,..,..,..,..,..,..,..,47.7969512939453,..,..,..,..,..,..,..,..,..,..,..,..,..,..,..,..,..,68.4875717163086,..
Northern Mariana Islands,MNP,"Educational attainment, at least completed lower secondary, population 25+, total (%) (cumulative)",SE.SEC.CUAT.LO.ZS,..,..,..,..,..,..,..,..,..,..,..,..,..,..,..,..,..,..,..,..,..,..,..,..,..,..,..,..,..,..,..,..,..,..,..,..,..,..,..,..,..,..,..,..,..,..,..,..,..,..,..,..,..,..,..,..,..,..,..,..,..,..
Norway,NOR,"Educational attainment, at least completed lower secondary, population 25+, total (%) (cumulative)",SE.SEC.CUAT.LO.ZS,..,..,..,..,..,..,..,..,..,..,..,..,..,..,..,..,..,..,..,..,..,..,..,..,..,..,..,..,..,..,..,..,..,..,..,..,..,..,..,..,..,..,..,..,99.821891784668,99.8262786865234,99.8086318969727,99.8128890991211,99.7247924804688,99.7030029296875,99.7040786743164,99.5988998413086,..,..,99.2095336914063,99.2287826538086,99.2340087890625,99.2403411865234,..,99.188232421875,..,..
Oman,OMN,"Educational attainment, at least completed lower secondary, population 25+, total (%) (cumulative)",SE.SEC.CUAT.LO.ZS,..,..,..,..,..,..,..,..,..,..,..,..,..,..,..,..,..,..,..,..,..,..,..,..,..,..,..,..,..,..,..,..,..,..,..,..,..,..,..,..,..,..,..,39.385311126709,..,..,..,..,53.958309173584,..,52.3183898925781,..,..,..,..,66.4192199707031,..,..,..,..,98.8031921386719,..
Pakistan,PAK,"Educational attainment, at least completed lower secondary, population 25+, total (%) (cumulative)",SE.SEC.CUAT.LO.ZS,..,..,..,..,..,..,..,..,..,..,..,..,10.6999998092651,..,..,..,..,..,..,..,..,12.3594903945923,..,..,..,..,..,..,..,..,..,..,..,..,..,..,..,..,..,..,..,..,..,..,..,21.4212493896484,32.4579086303711,..,31.2184600830078,32.2032508850098,33.3851013183594,33.2478218078613,34.9753684997559,35.4273300170898,37.3312797546387,..,37.3312797546387,36.4315299987793,19.9216003417969,25.7791996002197,..,..
Palau,PLW,"Educational attainment, at least completed lower secondary, population 25+, total (%) (cumulative)",SE.SEC.CUAT.LO.ZS,..,..,..,..,..,..,..,..,..,..,..,..,..,..,..,..,..,..,..,..,..,..,..,..,..,..,..,..,..,..,..,..,..,..,..,..,..,..,..,..,..,..,..,..,..,..,..,..,..,..,..,..,..,97.1230697631836,..,..,..,..,..,..,..,..
Panama,PAN,"Educational attainment, at least completed lower secondary, population 25+, total (%) (cumulative)",SE.SEC.CUAT.LO.ZS,..,..,..,..,..,..,..,..,..,..,21.6000003814697,..,..,..,..,..,..,..,..,..,31.4991798400879,..,..,..,..,..,..,..,..,..,44.0075492858887,..,..,..,..,..,..,..,..,..,47.4888916015625,..,..,..,..,..,..,..,..,..,61.490291595459,..,..,..,..,..,..,..,..,69.4722290039063,..,..
Papua New Guinea,PNG,"Educational attainment, at least completed lower secondary, population 25+, total (%) (cumulative)",SE.SEC.CUAT.LO.ZS,..,..,..,..,..,..,..,..,..,..,..,..,..,..,..,..,..,..,..,..,..,..,..,..,..,..,..,..,..,..,..,..,..,..,..,..,..,..,..,..,..,..,..,..,..,..,..,..,..,..,..,..,..,..,..,..,..,..,..,..,..,..
Paraguay,PRY,"Educational attainment, at least completed lower secondary, population 25+, total (%) (cumulative)",SE.SEC.CUAT.LO.ZS,..,..,..,..,..,..,..,..,..,..,..,..,12.4196500778198,..,..,..,..,..,..,..,..,..,19.400239944458,..,..,..,..,..,..,..,..,..,27.326150894165,..,..,..,..,..,..,..,..,..,..,34.8741416931152,..,41.7316207885742,38.7570114135742,36.9586906433105,38.7951011657715,32.9285583496094,..,..,42.6785202026367,46.663818359375,46.698299407959,49.0656700134277,47.7961006164551,..,50.1185607910156,52.6143417358398,53.2433090209961,..
Peru,PER,"Educational attainment, at least completed lower secondary, population 25+, total (%) (cumulative)",SE.SEC.CUAT.LO.ZS,..,..,..,..,..,..,..,..,..,..,..,..,17.9000091552734,..,..,..,..,..,..,..,..,32.7579193115234,..,..,..,..,..,..,..,..,..,..,..,48.2793617248535,..,..,..,..,..,..,..,..,..,..,61.678768157959,50.2212409973145,49.6764907836914,52.6089782714844,52.8875617980957,52.9555511474609,59.1773986816406,59.6007690429688,61.1390914916992,61.8961296081543,61.9540481567383,62.2968788146973,..,..,64.1127319335938,..,..,..
Philippines,PHL,"Educational attainment, at least completed lower secondary, population 25+, total (%) (cumulative)",SE.SEC.CUAT.LO.ZS,..,..,..,..,..,..,..,..,..,..,23.760669708252,..,..,..,..,28.2212104797363,..,..,..,..,34.1341285705566,..,..,..,..,..,..,..,..,..,46.1306495666504,..,..,..,..,..,..,..,..,..,50.4617004394531,..,..,..,63.5869903564453,..,..,..,64.8677291870117,..,66.763542175293,..,..,70.0585021972656,..,..,..,59.4109382629395,..,71.2324905395508,..,..
Poland,POL,"Educational attainment, at least completed lower secondary, population 25+, total (%) (cumulative)",SE.SEC.CUAT.LO.ZS,..,..,..,..,..,..,..,..,..,..,26.1000003814697,..,..,..,..,..,..,..,39.5999984741211,..,..,..,..,..,..,..,..,..,55.6967010498047,..,..,..,..,..,..,..,..,..,..,..,..,..,..,..,..,..,..,..,78.8859786987305,79.9776000976563,80.9015502929688,81.6829223632813,82.2974166870117,83.1423492431641,83.8526306152344,..,85.3279266357422,..,..,..,88.5085830688477,..
Portugal,PRT,"Educational attainment, at least completed lower secondary, population 25+, total (%) (cumulative)",SE.SEC.CUAT.LO.ZS,..,..,..,..,..,..,..,..,..,..,8.45343971252441,..,..,..,..,..,..,..,..,..,..,14.0274295806885,..,..,..,..,..,..,..,..,..,22.4267292022705,..,..,..,..,..,..,23.6402893066406,24.2998790740967,25.2603092193604,26.3282699584961,27.2185001373291,29.2138500213623,31.8991203308105,33.4472198486328,34.9942398071289,35.5457801818848,37.5461883544922,39.6641807556152,41.3025512695313,45.0074005126953,47.2301597595215,49.2851486206055,51.444938659668,52.7052001953125,54.1912498474121,55.180721282959,54.3030204772949,57.9531211853027,60.7458801269531,..
Puerto Rico,PRI,"Educational attainment, at least completed lower secondary, population 25+, total (%) (cumulative)",SE.SEC.CUAT.LO.ZS,..,..,..,..,..,..,..,..,..,..,38.0068092346191,..,..,..,..,..,..,..,..,..,62.7668113708496,..,..,..,..,..,..,..,..,..,64.5403823852539,..,..,..,..,..,..,..,..,..,81.5642166137695,..,..,..,..,..,..,..,..,..,..,80.1665115356445,80.0041122436523,..,..,..,..,88.4521636962891,..,..,..,..
Qatar,QAT,"Educational attainment, at least completed lower secondary, population 25+, total (%) (cumulative)",SE.SEC.CUAT.LO.ZS,..,..,..,..,..,..,..,..,..,..,..,..,..,..,..,..,..,..,..,..,..,..,..,..,..,..,36.7000007629395,..,..,..,..,..,..,..,..,..,..,..,..,..,..,..,..,..,54.0936698913574,..,..,63.9134712219238,66.1779403686523,63.4122695922852,50.864330291748,52.5820198059082,60.4630508422852,69.4875106811523,68.3760681152344,..,67.4963607788086,68.0085525512695,..,..,..,..
Romania,ROU,"Educational attainment, at least completed lower secondary, population 25+, total (%) (cumulative)",SE.SEC.CUAT.LO.ZS,..,..,..,..,..,..,..,..,..,..,..,..,..,..,..,..,..,44.4000015258789,..,..,..,..,..,..,..,..,..,..,..,..,..,..,70.1603622436523,..,..,..,..,..,..,..,..,..,79.1825180053711,..,..,..,..,85.6570587158203,86.3639831542969,86.7814712524414,87.2773818969727,88.2002182006836,88.9144134521484,89.4360809326172,89.0505218505859,89.4869079589844,90.0044097900391,90.5290374755859,..,91.1620101928711,..,..
Russian Federation,RUS,"Educational attainment, at least completed lower secondary, population 25+, total (%) (cumulative)",SE.SEC.CUAT.LO.ZS,..,..,..,..,..,..,..,..,..,..,..,..,..,..,..,..,..,..,..,..,..,..,..,..,..,..,..,..,..,63.0710296630859,..,..,..,..,..,..,..,..,..,..,..,..,97.1545562744141,..,..,..,..,..,..,..,93.8479232788086,..,..,..,..,..,..,..,..,..,..,..
Rwanda,RWA,"Educational attainment, at least completed lower secondary, population 25+, total (%) (cumulative)",SE.SEC.CUAT.LO.ZS,..,..,..,..,..,..,..,..,..,..,..,..,..,..,..,..,..,..,2.26206994056702,..,..,..,..,..,..,..,..,..,..,..,..,..,..,..,..,..,..,..,..,..,..,..,..,..,..,..,..,..,..,..,..,..,12.1764698028564,..,11.974160194397,..,..,..,13.4044103622437,..,..,..
Samoa,WSM,"Educational attainment, at least completed lower secondary, population 25+, total (%) (cumulative)",SE.SEC.CUAT.LO.ZS,..,..,..,..,..,..,..,..,..,..,..,33.2490501403809,..,..,..,..,40,..,..,..,..,40.957389831543,..,..,..,..,..,..,..,..,..,..,..,..,..,..,..,..,..,..,..,..,..,..,..,..,..,..,..,..,..,..,..,..,..,..,..,..,..,..,..,..
San Marino,SMR,"Educational attainment, at least completed lower secondary, population 25+, total (%) (cumulative)",SE.SEC.CUAT.LO.ZS,..,..,..,..,..,..,..,..,..,..,..,..,..,..,..,..,..,..,..,..,..,..,..,..,..,..,..,..,..,..,..,..,..,..,..,..,..,..,..,..,..,..,..,..,..,..,..,..,..,..,..,..,..,..,..,..,..,..,82.9602508544922,..,..,..
Sao Tome and Principe,STP,"Educational attainment, at least completed lower secondary, population 25+, total (%) (cumulative)",SE.SEC.CUAT.LO.ZS,..,..,..,..,..,..,..,..,..,..,..,..,..,..,..,..,..,..,..,..,..,6.15204000473022,..,..,..,..,..,..,..,..,..,..,..,..,..,..,..,..,..,..,..,..,..,..,..,..,..,..,..,..,..,..,38.8588790893555,..,..,..,..,..,..,..,..,..
Saudi Arabia,SAU,"Educational attainment, at least completed lower secondary, population 25+, total (%) (cumulative)",SE.SEC.CUAT.LO.ZS,..,..,..,..,..,..,..,..,..,..,..,..,..,..,..,..,..,..,..,..,..,..,..,..,..,..,..,..,..,..,..,..,..,..,..,..,..,..,..,..,42.7526817321777,..,..,..,48.7981414794922,..,..,..,..,..,..,..,..,66.5088577270508,..,..,..,68.8482131958008,..,..,77.2074127197266,..
Senegal,SEN,"Educational attainment, at least completed lower secondary, population 25+, total (%) (cumulative)",SE.SEC.CUAT.LO.ZS,..,..,..,..,..,..,..,..,..,..,..,..,..,..,..,..,..,..,..,..,..,..,..,..,..,..,..,..,..,..,..,..,..,..,..,..,..,..,..,..,..,..,..,..,..,..,7.54719018936157,..,..,..,..,10.8460102081299,..,13.8854198455811,..,..,..,17.8248291015625,..,..,..,..
Serbia,SRB,"Educational attainment, at least completed lower secondary, population 25+, total (%) (cumulative)",SE.SEC.CUAT.LO.ZS,..,..,..,..,..,..,..,..,..,..,..,..,..,..,..,..,..,..,..,..,..,..,..,..,..,..,..,..,..,..,..,..,..,..,..,..,..,..,..,..,..,..,53.8249893188477,..,..,..,..,..,84.6799468994141,85.0657730102539,85.6316680908203,84.5857391357422,..,85.7873001098633,86.7260437011719,88.642448425293,89.4902420043945,89.7998199462891,..,91.7877426147461,..,..
Seychelles,SYC,"Educational attainment, at least completed lower secondary, population 25+, total (%) (cumulative)",SE.SEC.CUAT.LO.ZS,..,..,..,..,..,..,..,..,..,..,..,15.7641296386719,..,..,..,..,..,..,..,..,..,..,..,..,..,..,..,41.4586181640625,..,..,..,..,..,..,..,..,..,..,..,..,..,..,69.6246490478516,..,..,..,..,..,..,..,..,..,..,..,..,..,..,..,..,..,..,..
Sierra Leone,SLE,"Educational attainment, at least completed lower secondary, population 25+, total (%) (cumulative)",SE.SEC.CUAT.LO.ZS,..,..,..,..,..,..,..,..,..,..,..,..,..,..,..,..,..,..,..,..,..,..,..,..,..,..,..,..,..,..,..,..,..,..,..,..,..,..,..,..,..,..,..,..,18.9370498657227,..,..,..,..,..,..,..,..,..,..,..,..,..,..,..,..,..
Singapore,SGP,"Educational attainment, at least completed lower secondary, population 25+, total (%) (cumulative)",SE.SEC.CUAT.LO.ZS,..,..,..,..,..,..,..,..,..,..,..,..,..,..,..,..,..,..,..,..,18,..,..,..,..,..,..,..,..,..,36.0336990356445,..,..,..,..,58.0867881774902,..,..,..,..,..,..,..,..,..,70.7687835693359,71.8799285888672,73.01171875,74.9487991333008,74.7969131469727,76.1983413696289,76.699592590332,77.39111328125,78.1344833374023,78.5876312255859,79.3682479858398,79.6072387695313,80.0077285766602,81.4235610961914,82.1780471801758,83.0585403442383,..
Sint Maarten (Dutch part),SXM,"Educational attainment, at least completed lower secondary, population 25+, total (%) (cumulative)",SE.SEC.CUAT.LO.ZS,..,..,..,..,..,..,..,..,..,..,..,..,..,..,..,..,..,..,..,..,..,..,..,..,..,..,..,..,..,..,..,..,..,..,..,..,..,..,..,..,..,..,..,..,..,..,..,..,..,..,..,..,..,..,..,..,..,..,..,..,..,..
Slovak Republic,SVK,"Educational attainment, at least completed lower secondary, population 25+, total (%) (cumulative)",SE.SEC.CUAT.LO.ZS,..,..,..,..,..,..,..,..,..,..,..,..,..,..,..,..,..,..,..,..,..,..,..,..,..,..,..,..,..,..,..,61.0101013183594,..,..,..,..,..,..,..,..,..,..,..,..,..,..,..,..,..,..,..,..,99.3027725219727,99.2826919555664,99.3442611694336,99.2700729370117,99.3035583496094,99.2805023193359,99.2685623168945,99.0162200927734,..,..
Slovenia,SVN,"Educational attainment, at least completed lower secondary, population 25+, total (%) (cumulative)",SE.SEC.CUAT.LO.ZS,..,..,..,..,..,..,..,..,..,..,..,..,..,..,..,..,..,..,..,..,..,..,..,..,..,..,..,..,..,..,..,53.5497016906738,..,..,..,..,..,..,..,..,..,..,..,..,..,94.2979888916016,94.9931411743164,94.9556884765625,95.1745910644531,95.5970611572266,95.4296875,96.017951965332,96.8689804077148,97.1484069824219,97.5927124023438,98.1058120727539,97.6204681396484,97.7727813720703,..,98.171012878418,..,..
Solomon Islands,SLB,"Educational attainment, at least completed lower secondary, population 25+, total (%) (cumulative)",SE.SEC.CUAT.LO.ZS,..,..,..,..,..,..,..,..,..,..,..,..,..,..,..,..,..,..,..,..,..,..,..,..,..,..,..,..,..,..,..,..,..,..,..,..,..,..,..,..,..,..,..,..,..,..,..,..,..,..,..,..,..,..,..,..,..,..,..,..,..,..
Somalia,SOM,"Educational attainment, at least completed lower secondary, population 25+, total (%) (cumulative)",SE.SEC.CUAT.LO.ZS,..,..,..,..,..,..,..,..,..,..,..,..,..,..,..,..,..,..,..,..,..,..,..,..,..,..,..,..,..,..,..,..,..,..,..,..,..,..,..,..,..,..,..,..,..,..,..,..,..,..,..,..,..,..,..,..,..,..,..,..,..,..
South Africa,ZAF,"Educational attainment, at least completed lower secondary, population 25+, total (%) (cumulative)",SE.SEC.CUAT.LO.ZS,..,..,..,..,..,..,..,..,..,..,31.0501594543457,..,..,..,..,..,..,..,..,..,28.1286506652832,..,..,..,..,28.8817501068115,..,..,..,..,..,..,..,..,..,..,..,..,..,..,..,55.588939666748,61.4169502258301,64.0428619384766,64.3937225341797,65.4491577148438,66.3533325195313,67.2861022949219,67.9993133544922,71.9146575927734,72.2415084838867,73.1274108886719,75.330322265625,..,76.5852508544922,77.180908203125,..,72.327880859375,..,81.8046798706055,..,..
South Sudan,SSD,"Educational attainment, at least completed lower secondary, population 25+, total (%) (cumulative)",SE.SEC.CUAT.LO.ZS,..,..,..,..,..,..,..,..,..,..,..,..,..,..,..,..,..,..,..,..,..,..,..,..,..,..,..,..,..,..,..,..,..,..,..,..,..,..,..,..,..,..,..,..,..,..,..,..,33.1695404052734,..,..,..,..,..,..,..,..,..,..,..,..,..
Spain,ESP,"Educational attainment, at least completed lower secondary, population 25+, total (%) (cumulative)",SE.SEC.CUAT.LO.ZS,..,..,..,..,..,..,..,..,..,..,9.40937995910645,..,..,..,..,..,..,..,..,..,..,20.4192295074463,..,..,..,..,24.6000003814697,..,..,..,..,34.1586990356445,..,..,..,..,..,..,..,..,..,..,..,..,59.2617301940918,62.5247802734375,63.8490104675293,64.736328125,65.6189880371094,66.458381652832,67.3895492553711,68.7965087890625,69.8730163574219,..,73.7143478393555,74.8149490356445,75.7975234985352,..,77.7223587036133,..,80.7694320678711,..
Sri Lanka,LKA,"Educational attainment, at least completed lower secondary, population 25+, total (%) (cumulative)",SE.SEC.CUAT.LO.ZS,..,..,..,..,..,..,..,..,..,..,..,..,..,..,..,..,..,..,..,..,..,34.2488288879395,..,..,..,..,..,..,..,..,..,..,..,..,..,..,..,..,..,..,..,74.8149490356445,..,..,..,..,..,..,73.931022644043,74.0255737304688,..,..,..,..,..,..,81.6128005981445,82.2686233520508,82.865966796875,81.0301971435547,84.089599609375,..
St. Kitts and Nevis,KNA,"Educational attainment, at least completed lower secondary, population 25+, total (%) (cumulative)",SE.SEC.CUAT.LO.ZS,..,..,..,..,..,..,..,..,..,..,6.80000019073486,..,..,..,..,..,..,..,..,..,31.6161594390869,..,..,..,..,..,..,..,..,..,..,..,..,..,..,..,..,..,..,..,..,..,..,..,..,..,..,..,..,..,..,..,..,..,..,..,..,..,..,..,..,..
St. Lucia,LCA,"Educational attainment, at least completed lower secondary, population 25+, total (%) (cumulative)",SE.SEC.CUAT.LO.ZS,..,..,..,..,..,..,..,..,..,..,5.69999980926514,..,..,..,..,..,..,..,..,..,8.06980991363525,..,..,..,..,..,..,..,..,..,..,24.5884304046631,..,..,..,..,..,..,..,..,..,..,..,..,..,..,..,..,..,..,46.6978912353516,..,..,45.6321907043457,..,..,..,..,..,46.8031387329102,..,..
St. Martin (French part),MAF,"Educational attainment, at least completed lower secondary, population 25+, total (%) (cumulative)",SE.SEC.CUAT.LO.ZS,..,..,..,..,..,..,..,..,..,..,..,..,..,..,..,..,..,..,..,..,..,..,..,..,..,..,..,..,..,..,..,..,..,..,..,..,..,..,..,..,..,..,..,..,..,..,..,..,..,..,..,..,..,..,..,..,..,..,..,..,..,..
St. Vincent and the Grenadines,VCT,"Educational attainment, at least completed lower secondary, population 25+, total (%) (cumulative)",SE.SEC.CUAT.LO.ZS,..,..,..,..,..,..,..,..,..,..,6,..,..,..,..,..,..,..,..,..,9.60000038146973,..,..,..,..,..,..,..,..,..,..,..,..,..,..,..,..,..,..,..,..,..,..,..,..,..,..,..,..,..,..,..,..,..,..,..,..,41.814811706543,..,..,..,..
Sudan,SDN,"Educational attainment, at least completed lower secondary, population 25+, total (%) (cumulative)",SE.SEC.CUAT.LO.ZS,..,..,..,..,..,..,..,..,..,..,..,..,..,..,..,..,..,..,..,..,..,..,..,4.69999980926514,..,..,..,..,..,..,..,..,..,..,..,..,..,..,..,..,..,..,..,..,..,..,..,..,..,..,..,..,..,..,..,..,..,..,..,..,..,..
Suriname,SUR,"Educational attainment, at least completed lower secondary, population 25+, total (%) (cumulative)",SE.SEC.CUAT.LO.ZS,..,..,..,..,..,..,..,..,..,..,..,..,..,..,..,..,..,..,..,..,..,..,..,..,..,..,..,..,..,..,..,..,..,..,..,..,..,..,..,..,..,..,..,..,50.6070098876953,..,..,..,..,..,..,..,61.8037910461426,..,..,..,..,..,..,..,..,..
Sweden,SWE,"Educational attainment, at least completed lower secondary, population 25+, total (%) (cumulative)",SE.SEC.CUAT.LO.ZS,..,..,..,..,..,..,..,..,..,..,43.3197784423828,..,..,..,48.8478012084961,..,..,..,..,58.4203491210938,..,..,..,..,..,..,64.0737915039063,65.5588226318359,67.1008377075195,68.5846710205078,70.3795928955078,71.8273696899414,74.1020965576172,75.6411666870117,76.8679733276367,78.1473693847656,..,..,..,..,..,..,..,..,88.4231033325195,89.1418304443359,89.8014526367188,90.4075012207031,85.7820510864258,86.4433135986328,87.0703430175781,87.7039489746094,88.334358215332,88.9272308349609,89.4749069213867,90.019401550293,90.5436477661133,91.0670318603516,..,92.0146331787109,..,..
Switzerland,CHE,"Educational attainment, at least completed lower secondary, population 25+, total (%) (cumulative)",SE.SEC.CUAT.LO.ZS,..,..,..,..,..,..,..,..,..,..,..,..,..,..,..,..,..,..,..,..,19.4386806488037,..,..,..,..,..,..,..,..,..,..,..,..,..,..,..,..,..,..,..,..,..,..,..,..,..,..,..,..,95.9379425048828,95.9662017822266,96.054557800293,96.2765808105469,..,97.0206527709961,97.0939331054688,96.8901824951172,..,97.0852584838867,97.1908187866211,..,..
Syrian Arab Republic,SYR,"Educational attainment, at least completed lower secondary, population 25+, total (%) (cumulative)",SE.SEC.CUAT.LO.ZS,..,..,..,..,..,..,..,..,..,..,5.59999990463257,..,..,..,..,..,..,..,..,..,..,..,..,..,..,..,..,..,..,..,..,..,..,..,..,..,..,..,..,..,..,..,24.7791404724121,..,..,..,..,34.4248390197754,32.8139305114746,34.0702896118164,..,..,..,..,..,..,..,..,..,..,..,..
Tajikistan,TJK,"Educational attainment, at least completed lower secondary, population 25+, total (%) (cumulative)",SE.SEC.CUAT.LO.ZS,..,..,..,..,..,..,..,..,..,..,..,..,..,..,..,..,..,..,..,..,..,..,..,..,..,..,..,..,..,77.1999969482422,..,..,..,..,..,..,..,..,..,..,92.4188995361328,..,..,..,..,..,..,..,..,..,..,..,..,..,..,..,..,94.5381622314453,..,..,..,..
Tanzania,TZA,"Educational attainment, at least completed lower secondary, population 25+, total (%) (cumulative)",SE.SEC.CUAT.LO.ZS,..,..,..,..,..,..,..,..,..,..,..,..,..,..,..,..,..,..,..,..,..,..,..,..,..,..,..,..,..,..,..,..,..,..,..,..,..,..,..,..,..,..,5.98647022247314,..,..,..,..,..,..,..,..,..,11.0265998840332,..,..,..,..,..,..,..,..,..
Thailand,THA,"Educational attainment, at least completed lower secondary, population 25+, total (%) (cumulative)",SE.SEC.CUAT.LO.ZS,..,..,..,..,..,..,..,..,..,..,5.5,..,..,..,..,..,..,..,..,..,9.81853008270264,..,..,..,..,..,..,..,..,..,..,..,..,..,..,..,..,..,..,..,..,..,..,..,33.2353096008301,..,32.3628196716309,..,..,..,38.6501693725586,..,..,41.4163818359375,..,..,45.0704803466797,..,46.2370681762695,49.5755195617676,..,..
Timor-Leste,TLS,"Educational attainment, at least completed lower secondary, population 25+, total (%) (cumulative)",SE.SEC.CUAT.LO.ZS,..,..,..,..,..,..,..,..,..,..,..,..,..,..,..,..,..,..,..,..,..,..,..,..,..,..,..,..,..,..,..,..,..,..,..,..,..,..,..,..,..,..,..,..,..,..,..,..,..,..,..,..,..,..,..,..,..,..,..,..,..,..
Togo,TGO,"Educational attainment, at least completed lower secondary, population 25+, total (%) (cumulative)",SE.SEC.CUAT.LO.ZS,..,..,..,..,..,..,..,..,..,..,1.08938002586365,..,..,..,..,..,..,..,..,..,..,..,..,..,..,..,..,..,..,..,..,..,..,..,..,..,..,..,..,..,..,..,..,..,..,..,..,..,..,26.9442100524902,..,18.2707500457764,..,..,..,..,..,..,..,..,..,..
Tonga,TON,"Educational attainment, at least completed lower secondary, population 25+, total (%) (cumulative)",SE.SEC.CUAT.LO.ZS,..,..,..,..,..,..,..,..,..,..,..,..,..,..,..,..,..,..,..,..,..,..,..,..,..,..,54.910270690918,..,..,..,..,..,..,..,..,..,74.1031188964844,..,..,..,..,..,..,..,..,..,69.5946731567383,..,..,..,..,87.9980621337891,..,..,..,..,..,..,..,..,..,..
Trinidad and Tobago,TTO,"Educational attainment, at least completed lower secondary, population 25+, total (%) (cumulative)",SE.SEC.CUAT.LO.ZS,..,..,..,..,..,..,..,..,..,..,15.1999998092651,..,..,..,..,..,..,..,..,..,26.6000003814697,..,..,..,..,..,..,..,..,..,36.8283996582031,..,..,..,..,..,..,..,..,..,..,..,..,..,..,..,..,..,59.7595405578613,59.6301498413086,..,67.4887466430664,..,..,..,..,..,..,..,..,..,..
Tunisia,TUN,"Educational attainment, at least completed lower secondary, population 25+, total (%) (cumulative)",SE.SEC.CUAT.LO.ZS,..,..,..,..,..,..,..,..,..,..,..,..,..,..,..,7.59999990463257,..,..,..,..,10.6999998092651,..,..,..,14.8717002868652,..,..,..,..,..,..,..,..,..,..,..,..,..,..,..,..,..,..,..,..,..,..,..,37.0811614990234,..,39.3346900939941,40.5071601867676,39.8240089416504,..,..,..,44.5907096862793,..,..,..,..,..
Turkiye,TUR,"Educational attainment, at least completed lower secondary, population 25+, total (%) (cumulative)",SE.SEC.CUAT.LO.ZS,..,..,..,..,..,..,..,..,..,..,..,..,..,..,..,9.04734039306641,..,..,..,..,12.3000001907349,..,..,..,..,15.439920425415,..,..,..,..,..,..,..,..,..,..,..,..,..,..,..,..,..,..,28.9969692230225,30.5533294677734,31.7194004058838,32.3178291320801,34.9197311401367,36.4313812255859,46.585880279541,49.7481307983398,51.1371307373047,52.6753196716309,54.9677581787109,56.3549003601074,58.8644409179688,60.8933181762695,..,66.0219192504883,..,..
Turkmenistan,TKM,"Educational attainment, at least completed lower secondary, population 25+, total (%) (cumulative)",SE.SEC.CUAT.LO.ZS,..,..,..,..,..,..,..,..,..,..,..,..,..,..,..,..,..,..,..,..,..,..,..,..,..,..,..,..,..,..,..,..,..,..,..,90.7684783935547,..,..,..,..,..,..,..,..,..,..,..,..,..,..,..,..,..,..,..,..,..,..,..,..,..,..
Turks and Caicos Islands,TCA,"Educational attainment, at least completed lower secondary, population 25+, total (%) (cumulative)",SE.SEC.CUAT.LO.ZS,..,..,..,..,..,..,..,..,..,..,15.7920303344727,..,..,..,..,..,..,..,..,..,24.5454502105713,..,..,..,..,..,..,..,..,..,..,..,..,..,..,..,..,..,..,..,..,..,..,..,..,..,..,..,..,..,..,..,..,..,..,..,..,..,..,..,..,..
Tuvalu,TUV,"Educational attainment, at least completed lower secondary, population 25+, total (%) (cumulative)",SE.SEC.CUAT.LO.ZS,..,..,..,..,..,..,..,..,..,..,..,..,..,..,..,..,..,..,..,..,..,..,..,..,..,..,..,..,..,..,..,24.3174991607666,..,..,..,..,..,..,..,..,..,..,..,..,..,..,..,..,..,..,..,..,..,..,..,..,..,..,..,..,..,..
Uganda,UGA,"Educational attainment, at least completed lower secondary, population 25+, total (%) (cumulative)",SE.SEC.CUAT.LO.ZS,..,..,..,..,..,..,..,..,..,..,..,..,..,..,..,..,..,..,..,..,..,..,..,..,..,..,..,..,..,..,..,10.9650201797485,..,..,..,..,..,..,..,..,..,..,11.5188798904419,..,..,..,..,..,23.6276607513428,..,28.8301105499268,..,24.0258598327637,..,..,..,..,..,..,..,..,..
Ukraine,UKR,"Educational attainment, at least completed lower secondary, population 25+, total (%) (cumulative)",SE.SEC.CUAT.LO.ZS,..,..,..,..,..,..,..,..,..,..,41.4034881591797,..,..,..,..,..,..,..,..,..,..,..,..,..,..,..,..,..,..,..,..,..,..,..,..,..,..,..,..,..,..,88.5432205200195,..,..,..,..,..,..,..,..,..,..,..,..,..,..,..,..,..,..,..,..
United Arab Emirates,ARE,"Educational attainment, at least completed lower secondary, population 25+, total (%) (cumulative)",SE.SEC.CUAT.LO.ZS,..,..,..,..,..,..,..,..,..,..,..,..,..,..,..,22.6686305999756,..,..,..,..,..,..,..,..,..,..,..,..,..,..,..,..,..,..,..,..,..,..,..,..,..,..,..,..,..,62.7000503540039,..,..,..,..,..,..,..,..,..,..,70.7103881835938,78.9894409179688,82.8856201171875,84.1677169799805,..,..
United Kingdom,GBR,"Educational attainment, at least completed lower secondary, population 25+, total (%) (cumulative)",SE.SEC.CUAT.LO.ZS,..,..,..,..,..,..,..,..,..,..,..,..,..,..,..,..,..,..,..,..,..,..,..,..,..,..,..,..,..,..,..,..,..,..,..,..,..,..,..,..,..,..,..,..,..,..,..,..,..,99.7685623168945,99.8078689575195,99.8556365966797,99.8083190917969,99.8322906494141,99.8598480224609,..,..,99.7478179931641,..,..,99.8025970458984,..
United States,USA,"Educational attainment, at least completed lower secondary, population 25+, total (%) (cumulative)",SE.SEC.CUAT.LO.ZS,..,..,..,..,..,..,..,..,..,..,65.6809310913086,..,..,..,..,91.7852401733398,..,..,..,92.7238235473633,92.7019882202148,92.993766784668,..,..,..,..,..,..,..,..,89.6204528808594,..,..,..,91.1790237426758,..,..,..,..,..,..,..,..,..,93.714241027832,93.6958770751953,94.1891632080078,..,94.4855499267578,94.5352172851563,94.7695007324219,94.9027328491211,94.984489440918,95.2045288085938,95.2634735107422,95.3349685668945,95.5852432250977,..,96.0293731689453,..,96.4607696533203,..
Uruguay,URY,"Educational attainment, at least completed lower secondary, population 25+, total (%) (cumulative)",SE.SEC.CUAT.LO.ZS,..,..,..,..,..,..,..,..,..,..,..,..,..,..,..,23.7457294464111,..,..,..,..,..,..,..,..,..,37.2468414306641,..,..,..,..,..,..,..,..,..,..,42.270378112793,..,..,..,..,..,..,59.2605400085449,..,..,47.13330078125,..,51.1607398986816,49.7586898803711,49.4982109069824,51.2122192382813,52.4609489440918,52.3144111633301,53.3844795227051,54.103141784668,54.9455986022949,56.0314788818359,56.8321418762207,57.6345405578613,..,..
Uzbekistan,UZB,"Educational attainment, at least completed lower secondary, population 25+, total (%) (cumulative)",SE.SEC.CUAT.LO.ZS,..,..,..,..,..,..,..,..,..,..,..,..,..,..,..,..,..,..,..,..,..,..,..,..,..,..,..,..,..,..,..,..,..,..,..,..,..,..,..,..,..,..,..,..,..,..,..,..,..,..,..,..,..,99.8928680419922,99.8681564331055,99.8860626220703,99.9035186767578,..,99.9048690795898,99.9171905517578,..,..
Vanuatu,VUT,"Educational attainment, at least completed lower secondary, population 25+, total (%) (cumulative)",SE.SEC.CUAT.LO.ZS,..,..,..,..,..,..,..,..,..,..,..,..,..,..,..,..,..,..,..,22,..,..,..,..,..,..,..,..,..,..,..,..,..,..,..,..,..,..,..,..,..,..,..,..,..,..,..,..,..,..,..,..,..,..,..,..,..,..,..,..,..,..
"Venezuela, RB",VEN,"Educational attainment, at least completed lower secondary, population 25+, total (%) (cumulative)",SE.SEC.CUAT.LO.ZS,..,..,..,..,..,..,..,..,..,..,..,13.7424697875977,..,..,..,..,..,..,..,..,..,29.3434391021729,..,..,..,..,..,..,..,..,23.759880065918,..,..,..,..,..,..,..,..,..,..,..,..,..,..,..,45.9270706176758,50.9389915466309,52.628101348877,53.7572402954102,..,65.3771667480469,..,..,..,69.5971527099609,74.4302291870117,..,..,..,..,..
Vietnam,VNM,"Educational attainment, at least completed lower secondary, population 25+, total (%) (cumulative)",SE.SEC.CUAT.LO.ZS,..,..,..,..,..,..,..,..,..,..,..,..,..,..,..,..,..,..,..,..,..,..,..,..,..,..,..,..,..,13.3248901367188,..,..,..,..,..,..,..,..,..,..,..,..,..,..,..,..,..,..,..,64.9995269775391,..,..,..,..,..,..,..,..,..,65.3397903442383,..,..
Virgin Islands (U.S.),VIR,"Educational attainment, at least completed lower secondary, population 25+, total (%) (cumulative)",SE.SEC.CUAT.LO.ZS,..,..,..,..,..,..,..,..,..,..,..,..,..,..,..,..,..,..,..,..,..,..,..,..,..,..,..,..,..,..,..,..,..,..,..,..,..,..,..,..,..,..,..,..,..,..,..,..,..,..,..,..,..,..,..,..,..,..,..,..,..,..
West Bank and Gaza,PSE,"Educational attainment, at least completed lower secondary, population 25+, total (%) (cumulative)",SE.SEC.CUAT.LO.ZS,..,..,..,..,..,..,..,..,..,..,..,..,..,..,..,..,..,..,..,..,..,..,..,..,..,..,..,..,..,..,..,..,..,..,..,..,..,..,..,..,..,..,..,..,45.3575286865234,..,47.3329887390137,49.1347198486328,50.0733299255371,52.1134185791016,52.6599617004395,54.2638702392578,56.6945304870605,58.0211181640625,58.7723999023438,60.398998260498,61.1019897460938,62.0871505737305,64.2453689575195,..,67.7803726196289,..
"Yemen, Rep.",YEM,"Educational attainment, at least completed lower secondary, population 25+, total (%) (cumulative)",SE.SEC.CUAT.LO.ZS,..,..,..,..,..,..,..,..,..,..,..,..,..,..,..,..,..,..,..,..,..,..,..,..,..,..,..,..,..,..,..,..,..,..,..,..,..,..,..,..,..,..,..,..,..,..,..,..,..,..,..,..,..,..,..,..,..,..,..,..,..,..
Zambia,ZMB,"Educational attainment, at least completed lower secondary, population 25+, total (%) (cumulative)",SE.SEC.CUAT.LO.ZS,..,..,..,..,..,..,..,..,..,..,..,..,..,..,..,..,..,..,..,..,13.2283201217651,..,..,..,..,..,..,..,..,..,21.7363204956055,..,..,..,..,..,..,..,..,..,..,..,..,..,..,..,..,..,..,..,..,..,..,..,..,..,..,..,..,..,..,..
Zimbabwe,ZWE,"Educational attainment, at least completed lower secondary, population 25+, total (%) (cumulative)",SE.SEC.CUAT.LO.ZS,..,..,..,..,..,..,..,..,..,..,..,..,..,..,..,..,..,..,..,..,..,..,..,..,..,..,..,..,..,..,..,..,24.275520324707,..,..,..,..,..,..,..,..,..,46.0166702270508,..,..,..,..,..,..,..,..,..,60.7591209411621,..,58.7631683349609,..,..,64.9352264404297,..,..,..,..
,,,,,,,,,,,,,,,,,,,,,,,,,,,,,,,,,,,,,,,,,,,,,,,,,,,,,,,,,,,,,,,,,
,,,,,,,,,,,,,,,,,,,,,,,,,,,,,,,,,,,,,,,,,,,,,,,,,,,,,,,,,,,,,,,,,
,,,,,,,,,,,,,,,,,,,,,,,,,,,,,,,,,,,,,,,,,,,,,,,,,,,,,,,,,,,,,,,,,
Data from database: World Development Indicators,,,,,,,,,,,,,,,,,,,,,,,,,,,,,,,,,,,,,,,,,,,,,,,,,,,,,,,,,,,,,,,,,
Last Updated: 09/16/2022,,,,,,,,,,,,,,,,,,,,,,,,,,,,,,,,,,,,,,,,,,,,,,,,,,,,,,,,,,,,,,,,,
